ISO-10303-21;
HEADER;
/*Generated by software containing ST-Developer
 * from STEP Tools, Inc. (www.steptools.com) 
 */
/*OPTION: using custom renumber hook */
/*description */
/*implementation_level */
FILE_DESCRIPTION(('STEP AP242 Edition 2','STEP AP242 Edition 2''CAx-IF Rec.Pracs.---Representation and Presentation of Product Manufa
cturing Information (PMI)---4.0---2014-10-13','STEP AP242 Edition 2''CAx-IF Rec.Pracs.---Representation and Presentation of Product Manufa
cturing Information (PMI)---4.0---2014-10-13''CAx-IF Rec.Pracs.---3D Tessellated Geometry---0.4---2014-09-14','STEP AP242 Edition 2''CAx-IF Rec.Pracs.---Representation and Presentation of Product Manufa
cturing Information (PMI)---4.0---2014-10-13''CAx-IF Rec.Pracs.---3D Tessellated Geometry---0.4---2014-09-14''2;1','STEP AP242 Edition 2''CAx-IF Rec.Pracs.---Representation and Presentation of Product Manufa
cturing Information (PMI)---4.0---2014-10-13''CAx-IF Rec.Pracs.---3D Tessellated Geometry---0.4---2014-09-14''2;1''CAx-IF Rec.Pracs.---User Defined Attributes---1.5---2016-08-15'),'2;1');
/*name */
/*time_stamp */
/*author */
/*organization */
/*preprocessor_version */
/*originating_system */
/*authorisation */
FILE_NAME('/vol/tmp/translate-17773734562937998662/DINKYPAD (2) - top.step','2026-03-30T11:14:43',(''),(''),'ST-DEVELOPER v20','ONSHAPE BY PTC INC, 1.212','  ');
FILE_SCHEMA(('AP242_MANAGED_MODEL_BASED_3D_ENGINEERING_MIM_LF { 1 0 10303 442 3 1 4 }'));
ENDSEC;
DATA;
#10=SHAPE_REPRESENTATION_RELATIONSHIP('','',#2343,#11);
#11=ADVANCED_BREP_SHAPE_REPRESENTATION('',(#2341),#4372);
#12=B_SPLINE_SURFACE_WITH_KNOTS('',3,1,((#3374,#3375),(#3376,#3377),(#3378,
#3379),(#3380,#3381)),.SURF_OF_LINEAR_EXTRUSION.,.F.,.F.,.F.,(4,4),(2,2),(0.0183398199600805,0.999999915538321),(0.,1.),.PIECEWISE_BEZIER_KNOTS.);
#13=B_SPLINE_SURFACE_WITH_KNOTS('',3,1,((#3389,#3390),(#3391,#3392),(#3393,
#3394),(#3395,#3396)),.SURF_OF_LINEAR_EXTRUSION.,.F.,.F.,.F.,(4,4),(2,2),(3.09246958652309E-08,1.0000008963031),(0.,1.),.PIECEWISE_BEZIER_KNOTS.);
#14=B_SPLINE_SURFACE_WITH_KNOTS('',3,1,((#3398,#3399),(#3400,#3401),(#3402,
#3403),(#3404,#3405)),.SURF_OF_LINEAR_EXTRUSION.,.F.,.F.,.F.,(4,4),(2,2),(9.49064332058706E-09,0.99999996356023),(0.,1.),.PIECEWISE_BEZIER_KNOTS.);
#15=B_SPLINE_SURFACE_WITH_KNOTS('',3,1,((#3407,#3408),(#3409,#3410),(#3411,
#3412),(#3413,#3414)),.SURF_OF_LINEAR_EXTRUSION.,.F.,.F.,.F.,(4,4),(2,2),(1.50100660915462E-08,0.999999993980701),(0.,1.),.PIECEWISE_BEZIER_KNOTS.);
#16=B_SPLINE_SURFACE_WITH_KNOTS('',3,1,((#3416,#3417),(#3418,#3419),(#3420,
#3421),(#3422,#3423)),.SURF_OF_LINEAR_EXTRUSION.,.F.,.F.,.F.,(4,4),(2,2),(-9.12134869805004E-07,1.00000000000251),(0.,1.),.PIECEWISE_BEZIER_KNOTS.);
#17=B_SPLINE_SURFACE_WITH_KNOTS('',3,1,((#3430,#3431),(#3432,#3433),(#3434,
#3435),(#3436,#3437)),.SURF_OF_LINEAR_EXTRUSION.,.F.,.F.,.F.,(4,4),(2,2),(8.44616685548473E-08,0.981660172548281),(0.,1.),.PIECEWISE_BEZIER_KNOTS.);
#18=B_SPLINE_SURFACE_WITH_KNOTS('',3,1,((#3461,#3462),(#3463,#3464),(#3465,
#3466),(#3467,#3468)),.SURF_OF_LINEAR_EXTRUSION.,.F.,.F.,.F.,(4,4),(2,2),(-4.77297323672075E-06,0.999999999824953),(0.,1.),.PIECEWISE_BEZIER_KNOTS.);
#19=B_SPLINE_SURFACE_WITH_KNOTS('',3,1,((#3476,#3477),(#3478,#3479),(#3480,
#3481),(#3482,#3483)),.SURF_OF_LINEAR_EXTRUSION.,.F.,.F.,.F.,(4,4),(2,2),(1.85981071190212E-09,1.0000000000013),(0.,1.),.PIECEWISE_BEZIER_KNOTS.);
#20=B_SPLINE_SURFACE_WITH_KNOTS('',3,1,((#3489,#3490),(#3491,#3492),(#3493,
#3494),(#3495,#3496)),.SURF_OF_LINEAR_EXTRUSION.,.F.,.F.,.F.,(4,4),(2,2),(-1.36574757092567E-12,0.999999997956726),(0.,1.),.PIECEWISE_BEZIER_KNOTS.);
#21=B_SPLINE_SURFACE_WITH_KNOTS('',3,1,((#3502,#3503),(#3504,#3505),(#3506,
#3507),(#3508,#3509)),.SURF_OF_LINEAR_EXTRUSION.,.F.,.F.,.F.,(4,4),(2,2),(3.08467401933333E-09,1.00000000005559),(0.,1.),.PIECEWISE_BEZIER_KNOTS.);
#22=B_SPLINE_SURFACE_WITH_KNOTS('',3,1,((#3515,#3516),(#3517,#3518),(#3519,
#3520),(#3521,#3522)),.SURF_OF_LINEAR_EXTRUSION.,.F.,.F.,.F.,(4,4),(2,2),(-1.29564593116499E-12,0.999999998396774),(0.,1.),.PIECEWISE_BEZIER_KNOTS.);
#23=B_SPLINE_SURFACE_WITH_KNOTS('',3,1,((#3528,#3529),(#3530,#3531),(#3532,
#3533),(#3534,#3535)),.SURF_OF_LINEAR_EXTRUSION.,.F.,.F.,.F.,(4,4),(2,2),(1.75047596440604E-10,1.00000477297323),(0.,1.),.PIECEWISE_BEZIER_KNOTS.);
#24=B_SPLINE_SURFACE_WITH_KNOTS('',3,1,((#3639,#3640),(#3641,#3642),(#3643,
#3644),(#3645,#3646)),.SURF_OF_LINEAR_EXTRUSION.,.F.,.F.,.F.,(4,4),(2,2),(-6.61401736889766E-13,0.999999999997133),(0.,1.),.PIECEWISE_BEZIER_KNOTS.);
#25=B_SPLINE_SURFACE_WITH_KNOTS('',3,1,((#3654,#3655),(#3656,#3657),(#3658,
#3659),(#3660,#3661)),.SURF_OF_LINEAR_EXTRUSION.,.F.,.F.,.F.,(4,4),(2,2),(1.4415925430343E-10,1.00000000000212),(0.,1.),.PIECEWISE_BEZIER_KNOTS.);
#26=B_SPLINE_SURFACE_WITH_KNOTS('',3,1,((#3667,#3668),(#3669,#3670),(#3671,
#3672),(#3673,#3674)),.SURF_OF_LINEAR_EXTRUSION.,.F.,.F.,.F.,(4,4),(2,2),(-1.57499581187954E-10,0.999999998136381),(0.,1.),.PIECEWISE_BEZIER_KNOTS.);
#27=B_SPLINE_SURFACE_WITH_KNOTS('',3,1,((#3680,#3681),(#3682,#3683),(#3684,
#3685),(#3686,#3687)),.SURF_OF_LINEAR_EXTRUSION.,.F.,.F.,.F.,(4,4),(2,2),(4.92110923691127E-10,0.99999957620706),(0.,1.),.PIECEWISE_BEZIER_KNOTS.);
#28=B_SPLINE_SURFACE_WITH_KNOTS('',3,1,((#3717,#3718),(#3719,#3720),(#3721,
#3722),(#3723,#3724)),.SURF_OF_LINEAR_EXTRUSION.,.F.,.F.,.F.,(4,4),(2,2),(-2.47568395135719E-15,0.999999999981738),(0.,1.),.PIECEWISE_BEZIER_KNOTS.);
#29=B_SPLINE_SURFACE_WITH_KNOTS('',3,1,((#3730,#3731),(#3732,#3733),(#3734,
#3735),(#3736,#3737)),.SURF_OF_LINEAR_EXTRUSION.,.F.,.F.,.F.,(4,4),(2,2),(3.58075213800952E-12,1.00001108351684),(0.,1.),.PIECEWISE_BEZIER_KNOTS.);
#30=B_SPLINE_SURFACE_WITH_KNOTS('',3,1,((#3753,#3754),(#3755,#3756),(#3757,
#3758),(#3759,#3760)),.SURF_OF_LINEAR_EXTRUSION.,.F.,.F.,.F.,(4,4),(2,2),(-1.04421833997167E-09,1.0000004157827),(0.,1.),.PIECEWISE_BEZIER_KNOTS.);
#31=B_SPLINE_SURFACE_WITH_KNOTS('',3,1,((#3766,#3767),(#3768,#3769),(#3770,
#3771),(#3772,#3773)),.SURF_OF_LINEAR_EXTRUSION.,.F.,.F.,.F.,(4,4),(2,2),(3.82734677758785E-10,1.00000000000617),(0.,1.),.PIECEWISE_BEZIER_KNOTS.);
#32=B_SPLINE_SURFACE_WITH_KNOTS('',3,1,((#3779,#3780),(#3781,#3782),(#3783,
#3784),(#3785,#3786)),.SURF_OF_LINEAR_EXTRUSION.,.F.,.F.,.F.,(4,4),(2,2),(7.09626563772116E-09,1.00000001584113),(0.,1.),.PIECEWISE_BEZIER_KNOTS.);
#33=B_SPLINE_SURFACE_WITH_KNOTS('',3,1,((#3792,#3793),(#3794,#3795),(#3796,
#3797),(#3798,#3799)),.SURF_OF_LINEAR_EXTRUSION.,.F.,.F.,.F.,(4,4),(2,2),(9.99511057749537E-09,1.00000000406824),(0.,1.),.PIECEWISE_BEZIER_KNOTS.);
#34=B_SPLINE_SURFACE_WITH_KNOTS('',3,1,((#3805,#3806),(#3807,#3808),(#3809,
#3810),(#3811,#3812)),.SURF_OF_LINEAR_EXTRUSION.,.F.,.F.,.F.,(4,4),(2,2),(-1.86816800602037E-12,0.9999999998434),(0.,1.),.PIECEWISE_BEZIER_KNOTS.);
#35=B_SPLINE_SURFACE_WITH_KNOTS('',3,1,((#3818,#3819),(#3820,#3821),(#3822,
#3823),(#3824,#3825)),.SURF_OF_LINEAR_EXTRUSION.,.F.,.F.,.F.,(4,4),(2,2),(-1.17402299809213E-08,0.999999993379547),(0.,1.),.PIECEWISE_BEZIER_KNOTS.);
#36=B_SPLINE_SURFACE_WITH_KNOTS('',3,1,((#3831,#3832),(#3833,#3834),(#3835,
#3836),(#3837,#3838)),.SURF_OF_LINEAR_EXTRUSION.,.F.,.F.,.F.,(4,4),(2,2),(5.90091687417417E-11,1.00000138756844),(0.,1.),.PIECEWISE_BEZIER_KNOTS.);
#37=B_SPLINE_SURFACE_WITH_KNOTS('',3,1,((#3868,#3869),(#3870,#3871),(#3872,
#3873),(#3874,#3875)),.SURF_OF_LINEAR_EXTRUSION.,.F.,.F.,.F.,(4,4),(2,2),(1.79747898795205E-15,1.00000000001955),(0.,1.),.PIECEWISE_BEZIER_KNOTS.);
#38=B_SPLINE_SURFACE_WITH_KNOTS('',3,1,((#3881,#3882),(#3883,#3884),(#3885,
#3886),(#3887,#3888)),.SURF_OF_LINEAR_EXTRUSION.,.F.,.F.,.F.,(4,4),(2,2),(-1.33330359827852E-11,1.00002503497747),(0.,1.),.PIECEWISE_BEZIER_KNOTS.);
#39=B_SPLINE_SURFACE_WITH_KNOTS('',3,1,((#3904,#3905),(#3906,#3907),(#3908,
#3909),(#3910,#3911)),.SURF_OF_LINEAR_EXTRUSION.,.F.,.F.,.F.,(4,4),(2,2),(-2.77540202286303E-08,1.00000005905455),(0.,1.),.PIECEWISE_BEZIER_KNOTS.);
#40=B_SPLINE_SURFACE_WITH_KNOTS('',3,1,((#3917,#3918),(#3919,#3920),(#3921,
#3922),(#3923,#3924)),.SURF_OF_LINEAR_EXTRUSION.,.F.,.F.,.F.,(4,4),(2,2),(-4.7392201594655E-12,0.999999999916134),(0.,1.),.PIECEWISE_BEZIER_KNOTS.);
#41=B_SPLINE_SURFACE_WITH_KNOTS('',3,1,((#3930,#3931),(#3932,#3933),(#3934,
#3935),(#3936,#3937)),.SURF_OF_LINEAR_EXTRUSION.,.F.,.F.,.F.,(4,4),(2,2),(6.74862601558781E-09,1.00000000694948),(0.,1.),.PIECEWISE_BEZIER_KNOTS.);
#42=B_SPLINE_SURFACE_WITH_KNOTS('',3,1,((#3943,#3944),(#3945,#3946),(#3947,
#3948),(#3949,#3950)),.SURF_OF_LINEAR_EXTRUSION.,.F.,.F.,.F.,(4,4),(2,2),(4.81223574416922E-09,1.00000000255717),(0.,1.),.PIECEWISE_BEZIER_KNOTS.);
#43=B_SPLINE_SURFACE_WITH_KNOTS('',3,1,((#4041,#4042),(#4043,#4044),(#4045,
#4046),(#4047,#4048)),.SURF_OF_LINEAR_EXTRUSION.,.F.,.F.,.F.,(4,4),(2,2),(-1.08295691398612E-12,0.999999999333193),(0.,1.),.PIECEWISE_BEZIER_KNOTS.);
#44=B_SPLINE_SURFACE_WITH_KNOTS('',3,1,((#4056,#4057),(#4058,#4059),(#4060,
#4061),(#4062,#4063)),.SURF_OF_LINEAR_EXTRUSION.,.F.,.F.,.F.,(4,4),(2,2),(8.57908457512198E-10,1.00000000000112),(0.,1.),.PIECEWISE_BEZIER_KNOTS.);
#45=B_SPLINE_SURFACE_WITH_KNOTS('',3,1,((#4069,#4070),(#4071,#4072),(#4073,
#4074),(#4075,#4076)),.SURF_OF_LINEAR_EXTRUSION.,.F.,.F.,.F.,(4,4),(2,2),(-1.12902978630326E-12,0.999999999190619),(0.,1.),.PIECEWISE_BEZIER_KNOTS.);
#46=B_SPLINE_SURFACE_WITH_KNOTS('',3,1,((#4082,#4083),(#4084,#4085),(#4086,
#4087),(#4088,#4089)),.SURF_OF_LINEAR_EXTRUSION.,.F.,.F.,.F.,(4,4),(2,2),(1.28930543027236E-10,0.999999867817674),(0.,1.),.PIECEWISE_BEZIER_KNOTS.);
#47=B_SPLINE_SURFACE_WITH_KNOTS('',3,1,((#4134,#4135),(#4136,#4137),(#4138,
#4139),(#4140,#4141)),.SURF_OF_LINEAR_EXTRUSION.,.F.,.F.,.F.,(4,4),(2,2),(-2.06717668639473E-12,1.00000022618148),(0.,1.),.PIECEWISE_BEZIER_KNOTS.);
#48=B_SPLINE_SURFACE_WITH_KNOTS('',3,1,((#4147,#4148),(#4149,#4150),(#4151,
#4152),(#4153,#4154)),.SURF_OF_LINEAR_EXTRUSION.,.F.,.F.,.F.,(4,4),(2,2),(3.15078881290093E-09,1.00000000023167),(0.,1.),.PIECEWISE_BEZIER_KNOTS.);
#49=B_SPLINE_SURFACE_WITH_KNOTS('',3,1,((#4160,#4161),(#4162,#4163),(#4164,
#4165),(#4166,#4167)),.SURF_OF_LINEAR_EXTRUSION.,.F.,.F.,.F.,(4,4),(2,2),(-1.27320459015209E-10,0.999999997834928),(0.,1.),.PIECEWISE_BEZIER_KNOTS.);
#50=B_SPLINE_SURFACE_WITH_KNOTS('',3,1,((#4173,#4174),(#4175,#4176),(#4177,
#4178),(#4179,#4180)),.SURF_OF_LINEAR_EXTRUSION.,.F.,.F.,.F.,(4,4),(2,2),(-2.24003115986052E-08,1.00000000000177),(0.,1.),.PIECEWISE_BEZIER_KNOTS.);
#51=B_SPLINE_SURFACE_WITH_KNOTS('',3,1,((#4196,#4197),(#4198,#4199),(#4200,
#4201),(#4202,#4203)),.SURF_OF_LINEAR_EXTRUSION.,.F.,.F.,.F.,(4,4),(2,2),(5.41792712615825E-10,1.00002162231328),(0.,1.),.PIECEWISE_BEZIER_KNOTS.);
#52=B_SPLINE_SURFACE_WITH_KNOTS('',3,1,((#4213,#4214),(#4215,#4216),(#4217,
#4218),(#4219,#4220)),.SURF_OF_LINEAR_EXTRUSION.,.F.,.F.,.F.,(4,4),(2,2),(8.15341377947325E-09,0.999999998183511),(0.,1.),.PIECEWISE_BEZIER_KNOTS.);
#53=B_SPLINE_SURFACE_WITH_KNOTS('',3,1,((#4294,#4295),(#4296,#4297),(#4298,
#4299),(#4300,#4301)),.SURF_OF_LINEAR_EXTRUSION.,.F.,.F.,.F.,(4,4),(2,2),(1.19706896628174E-07,0.99999999998453),(0.,1.),.PIECEWISE_BEZIER_KNOTS.);
#54=B_SPLINE_SURFACE_WITH_KNOTS('',3,1,((#4307,#4308),(#4309,#4310),(#4311,
#4312),(#4313,#4314)),.SURF_OF_LINEAR_EXTRUSION.,.F.,.F.,.F.,(4,4),(2,2),(1.62966942104278E-10,1.00000000000098),(0.,1.),.PIECEWISE_BEZIER_KNOTS.);
#55=B_SPLINE_CURVE_WITH_KNOTS('',2,(#3265,#3266,#3267),.UNSPECIFIED.,.F.,.F.,(3,3),(0.,1.),.UNSPECIFIED.);
#56=B_SPLINE_CURVE_WITH_KNOTS('',2,(#3272,#3273,#3274),.UNSPECIFIED.,.F.,.F.,(3,3),(0.,1.),.UNSPECIFIED.);
#57=B_SPLINE_CURVE_WITH_KNOTS('',2,(#3278,#3279,#3280),.UNSPECIFIED.,.F.,.F.,(3,3),(0.,1.),.UNSPECIFIED.);
#58=B_SPLINE_CURVE_WITH_KNOTS('',2,(#3282,#3283,#3284),.UNSPECIFIED.,.F.,.F.,(3,3),(0.,1.),.UNSPECIFIED.);
#59=B_SPLINE_CURVE_WITH_KNOTS('',2,(#3286,#3287,#3288),.UNSPECIFIED.,.F.,.F.,(3,3),(0.,1.),.UNSPECIFIED.);
#60=B_SPLINE_CURVE_WITH_KNOTS('',2,(#3290,#3291,#3292),.UNSPECIFIED.,.F.,.F.,(3,3),(0.,1.),.UNSPECIFIED.);
#61=B_SPLINE_CURVE_WITH_KNOTS('',2,(#3299,#3300,#3301),.UNSPECIFIED.,.F.,.F.,(3,3),(0.,1.),.UNSPECIFIED.);
#62=B_SPLINE_CURVE_WITH_KNOTS('',2,(#3303,#3304,#3305),.UNSPECIFIED.,.F.,.F.,(3,3),(0.,1.),.UNSPECIFIED.);
#63=B_SPLINE_CURVE_WITH_KNOTS('',2,(#3307,#3308,#3309),.UNSPECIFIED.,.F.,.F.,(3,3),(0.,1.),.UNSPECIFIED.);
#64=B_SPLINE_CURVE_WITH_KNOTS('',2,(#3311,#3312,#3313),.UNSPECIFIED.,.F.,.F.,(3,3),(0.,1.),.UNSPECIFIED.);
#65=B_SPLINE_CURVE_WITH_KNOTS('',2,(#3315,#3316,#3317),.UNSPECIFIED.,.F.,.F.,(3,3),(0.,1.),.UNSPECIFIED.);
#66=B_SPLINE_CURVE_WITH_KNOTS('',2,(#3319,#3320,#3321,#3322,#3323),.UNSPECIFIED.,.F.,.F.,(3,2,3),(-0.01,0.,1.),.PIECEWISE_BEZIER_KNOTS.);
#67=B_SPLINE_CURVE_WITH_KNOTS('',2,(#3335,#3336,#3337),.UNSPECIFIED.,.F.,.F.,(3,3),(0.,1.),.UNSPECIFIED.);
#68=B_SPLINE_CURVE_WITH_KNOTS('',2,(#3341,#3342,#3343),.UNSPECIFIED.,.F.,.F.,(3,3),(0.,1.),.UNSPECIFIED.);
#69=B_SPLINE_CURVE_WITH_KNOTS('',2,(#3345,#3346,#3347),.UNSPECIFIED.,.F.,.F.,(3,3),(0.,1.),.UNSPECIFIED.);
#70=B_SPLINE_CURVE_WITH_KNOTS('',2,(#3349,#3350,#3351),.UNSPECIFIED.,.F.,.F.,(3,3),(0.,1.),.UNSPECIFIED.);
#71=B_SPLINE_CURVE_WITH_KNOTS('',2,(#3353,#3354,#3355),.UNSPECIFIED.,.F.,.F.,(3,3),(0.,1.),.UNSPECIFIED.);
#72=B_SPLINE_CURVE_WITH_KNOTS('',2,(#3359,#3360,#3361),.UNSPECIFIED.,.F.,.F.,(3,3),(0.,1.),.UNSPECIFIED.);
#73=B_SPLINE_CURVE_WITH_KNOTS('',3,(#3366,#3367,#3368,#3369),.UNSPECIFIED.,.F.,.F.,(4,4),(0.,1.),.UNSPECIFIED.);
#74=B_SPLINE_CURVE_WITH_KNOTS('',3,(#3370,#3371,#3372,#3373),.UNSPECIFIED.,.F.,.F.,(4,4),(0.,1.),.UNSPECIFIED.);
#75=B_SPLINE_CURVE_WITH_KNOTS('',3,(#3385,#3386,#3387,#3388),.UNSPECIFIED.,.F.,.F.,(4,4),(0.,1.),.UNSPECIFIED.);
#76=B_SPLINE_CURVE_WITH_KNOTS('',3,(#3424,#3425,#3426,#3427),.UNSPECIFIED.,.F.,.F.,(4,4),(0.,1.),.UNSPECIFIED.);
#77=B_SPLINE_CURVE_WITH_KNOTS('',3,(#3443,#3444,#3445,#3446),.UNSPECIFIED.,.F.,.F.,(4,4),(0.,1.),.UNSPECIFIED.);
#78=B_SPLINE_CURVE_WITH_KNOTS('',3,(#3450,#3451,#3452,#3453),.UNSPECIFIED.,.F.,.F.,(4,4),(0.,1.),.UNSPECIFIED.);
#79=B_SPLINE_CURVE_WITH_KNOTS('',3,(#3457,#3458,#3459,#3460),.UNSPECIFIED.,.F.,.F.,(4,4),(0.,1.),.UNSPECIFIED.);
#80=B_SPLINE_CURVE_WITH_KNOTS('',2,(#3469,#3470,#3471,#3472,#3473),.UNSPECIFIED.,.F.,.F.,(3,2,3),(-0.01,0.,1.),.PIECEWISE_BEZIER_KNOTS.);
#81=B_SPLINE_CURVE_WITH_KNOTS('',2,(#3484,#3485,#3486),.UNSPECIFIED.,.F.,.F.,(3,3),(0.,1.),.UNSPECIFIED.);
#82=B_SPLINE_CURVE_WITH_KNOTS('',2,(#3497,#3498,#3499),.UNSPECIFIED.,.F.,.F.,(3,3),(0.,1.),.UNSPECIFIED.);
#83=B_SPLINE_CURVE_WITH_KNOTS('',2,(#3510,#3511,#3512),.UNSPECIFIED.,.F.,.F.,(3,3),(0.,1.),.UNSPECIFIED.);
#84=B_SPLINE_CURVE_WITH_KNOTS('',2,(#3523,#3524,#3525),.UNSPECIFIED.,.F.,.F.,(3,3),(0.,1.),.UNSPECIFIED.);
#85=B_SPLINE_CURVE_WITH_KNOTS('',2,(#3536,#3537,#3538),.UNSPECIFIED.,.F.,.F.,(3,3),(0.,1.),.UNSPECIFIED.);
#86=B_SPLINE_CURVE_WITH_KNOTS('',3,(#3540,#3541,#3542,#3543),.UNSPECIFIED.,.F.,.F.,(4,4),(0.,1.),.UNSPECIFIED.);
#87=B_SPLINE_CURVE_WITH_KNOTS('',2,(#3547,#3548,#3549),.UNSPECIFIED.,.F.,.F.,(3,3),(0.,1.),.UNSPECIFIED.);
#88=B_SPLINE_CURVE_WITH_KNOTS('',2,(#3552,#3553,#3554),.UNSPECIFIED.,.F.,.F.,(3,3),(0.,1.),.UNSPECIFIED.);
#89=B_SPLINE_CURVE_WITH_KNOTS('',2,(#3556,#3557,#3558),.UNSPECIFIED.,.F.,.F.,(3,3),(0.,1.),.UNSPECIFIED.);
#90=B_SPLINE_CURVE_WITH_KNOTS('',2,(#3560,#3561,#3562),.UNSPECIFIED.,.F.,.F.,(3,3),(0.,1.),.UNSPECIFIED.);
#91=B_SPLINE_CURVE_WITH_KNOTS('',2,(#3566,#3567,#3568),.UNSPECIFIED.,.F.,.F.,(3,3),(0.,1.),.UNSPECIFIED.);
#92=B_SPLINE_CURVE_WITH_KNOTS('',2,(#3570,#3571,#3572),.UNSPECIFIED.,.F.,.F.,(3,3),(0.,1.),.UNSPECIFIED.);
#93=B_SPLINE_CURVE_WITH_KNOTS('',2,(#3580,#3581,#3582),.UNSPECIFIED.,.F.,.F.,(3,3),(0.,1.),.UNSPECIFIED.);
#94=B_SPLINE_CURVE_WITH_KNOTS('',2,(#3584,#3585,#3586),.UNSPECIFIED.,.F.,.F.,(3,3),(0.,1.),.UNSPECIFIED.);
#95=B_SPLINE_CURVE_WITH_KNOTS('',2,(#3588,#3589,#3590),.UNSPECIFIED.,.F.,.F.,(3,3),(0.,1.),.UNSPECIFIED.);
#96=B_SPLINE_CURVE_WITH_KNOTS('',2,(#3592,#3593,#3594),.UNSPECIFIED.,.F.,.F.,(3,3),(0.,1.),.UNSPECIFIED.);
#97=B_SPLINE_CURVE_WITH_KNOTS('',2,(#3596,#3597,#3598),.UNSPECIFIED.,.F.,.F.,(3,3),(0.,1.),.UNSPECIFIED.);
#98=B_SPLINE_CURVE_WITH_KNOTS('',2,(#3600,#3601,#3602),.UNSPECIFIED.,.F.,.F.,(3,3),(0.,1.),.UNSPECIFIED.);
#99=B_SPLINE_CURVE_WITH_KNOTS('',2,(#3604,#3605,#3606),.UNSPECIFIED.,.F.,.F.,(3,3),(0.,1.),.UNSPECIFIED.);
#100=B_SPLINE_CURVE_WITH_KNOTS('',2,(#3610,#3611,#3612),.UNSPECIFIED.,.F.,.F.,(3,3),(0.,1.),.UNSPECIFIED.);
#101=B_SPLINE_CURVE_WITH_KNOTS('',2,(#3614,#3615,#3616),.UNSPECIFIED.,.F.,.F.,(3,3),(0.,1.),.UNSPECIFIED.);
#102=B_SPLINE_CURVE_WITH_KNOTS('',2,(#3624,#3625,#3626),.UNSPECIFIED.,.F.,.F.,(3,3),(0.,1.),.UNSPECIFIED.);
#103=B_SPLINE_CURVE_WITH_KNOTS('',2,(#3628,#3629,#3630),.UNSPECIFIED.,.F.,.F.,(3,3),(0.,1.),.UNSPECIFIED.);
#104=B_SPLINE_CURVE_WITH_KNOTS('',2,(#3632,#3633,#3634),.UNSPECIFIED.,.F.,.F.,(3,3),(0.,1.),.UNSPECIFIED.);
#105=B_SPLINE_CURVE_WITH_KNOTS('',2,(#3636,#3637,#3638),.UNSPECIFIED.,.F.,.F.,(3,3),(0.,1.),.UNSPECIFIED.);
#106=B_SPLINE_CURVE_WITH_KNOTS('',2,(#3647,#3648,#3649),.UNSPECIFIED.,.F.,.F.,(3,3),(0.,1.),.UNSPECIFIED.);
#107=B_SPLINE_CURVE_WITH_KNOTS('',2,(#3662,#3663,#3664),.UNSPECIFIED.,.F.,.F.,(3,3),(0.,1.),.UNSPECIFIED.);
#108=B_SPLINE_CURVE_WITH_KNOTS('',2,(#3675,#3676,#3677),.UNSPECIFIED.,.F.,.F.,(3,3),(0.,1.),.UNSPECIFIED.);
#109=B_SPLINE_CURVE_WITH_KNOTS('',2,(#3688,#3689,#3690),.UNSPECIFIED.,.F.,.F.,(3,3),(0.,1.),.UNSPECIFIED.);
#110=B_SPLINE_CURVE_WITH_KNOTS('',3,(#3692,#3693,#3694,#3695),.UNSPECIFIED.,.F.,.F.,(4,4),(0.,1.),.UNSPECIFIED.);
#111=B_SPLINE_CURVE_WITH_KNOTS('',3,(#3699,#3700,#3701,#3702),.UNSPECIFIED.,.F.,.F.,(4,4),(0.,1.),.UNSPECIFIED.);
#112=B_SPLINE_CURVE_WITH_KNOTS('',3,(#3706,#3707,#3708,#3709),.UNSPECIFIED.,.F.,.F.,(4,4),(0.,1.),.UNSPECIFIED.);
#113=B_SPLINE_CURVE_WITH_KNOTS('',3,(#3713,#3714,#3715,#3716),.UNSPECIFIED.,.F.,.F.,(4,4),(0.,1.),.UNSPECIFIED.);
#114=B_SPLINE_CURVE_WITH_KNOTS('',2,(#3725,#3726,#3727),.UNSPECIFIED.,.F.,.F.,(3,3),(0.,1.),.UNSPECIFIED.);
#115=B_SPLINE_CURVE_WITH_KNOTS('',2,(#3738,#3739,#3740),.UNSPECIFIED.,.F.,.F.,(3,3),(0.,1.),.UNSPECIFIED.);
#116=B_SPLINE_CURVE_WITH_KNOTS('',3,(#3742,#3743,#3744,#3745),.UNSPECIFIED.,.F.,.F.,(4,4),(0.,1.),.UNSPECIFIED.);
#117=B_SPLINE_CURVE_WITH_KNOTS('',3,(#3749,#3750,#3751,#3752),.UNSPECIFIED.,.F.,.F.,(4,4),(0.,1.),.UNSPECIFIED.);
#118=B_SPLINE_CURVE_WITH_KNOTS('',2,(#3761,#3762,#3763),.UNSPECIFIED.,.F.,.F.,(3,3),(0.,1.),.UNSPECIFIED.);
#119=B_SPLINE_CURVE_WITH_KNOTS('',2,(#3774,#3775,#3776),.UNSPECIFIED.,.F.,.F.,(3,3),(0.,1.),.UNSPECIFIED.);
#120=B_SPLINE_CURVE_WITH_KNOTS('',2,(#3787,#3788,#3789),.UNSPECIFIED.,.F.,.F.,(3,3),(0.,1.),.UNSPECIFIED.);
#121=B_SPLINE_CURVE_WITH_KNOTS('',2,(#3800,#3801,#3802),.UNSPECIFIED.,.F.,.F.,(3,3),(0.,1.),.UNSPECIFIED.);
#122=B_SPLINE_CURVE_WITH_KNOTS('',2,(#3813,#3814,#3815),.UNSPECIFIED.,.F.,.F.,(3,3),(0.,1.),.UNSPECIFIED.);
#123=B_SPLINE_CURVE_WITH_KNOTS('',2,(#3826,#3827,#3828),.UNSPECIFIED.,.F.,.F.,(3,3),(0.,1.),.UNSPECIFIED.);
#124=B_SPLINE_CURVE_WITH_KNOTS('',2,(#3839,#3840,#3841),.UNSPECIFIED.,.F.,.F.,(3,3),(0.,1.),.UNSPECIFIED.);
#125=B_SPLINE_CURVE_WITH_KNOTS('',3,(#3843,#3844,#3845,#3846),.UNSPECIFIED.,.F.,.F.,(4,4),(0.,1.),.UNSPECIFIED.);
#126=B_SPLINE_CURVE_WITH_KNOTS('',3,(#3850,#3851,#3852,#3853),.UNSPECIFIED.,.F.,.F.,(4,4),(0.,1.),.UNSPECIFIED.);
#127=B_SPLINE_CURVE_WITH_KNOTS('',3,(#3857,#3858,#3859,#3860),.UNSPECIFIED.,.F.,.F.,(4,4),(0.,1.),.UNSPECIFIED.);
#128=B_SPLINE_CURVE_WITH_KNOTS('',3,(#3864,#3865,#3866,#3867),.UNSPECIFIED.,.F.,.F.,(4,4),(0.,1.),.UNSPECIFIED.);
#129=B_SPLINE_CURVE_WITH_KNOTS('',2,(#3876,#3877,#3878),.UNSPECIFIED.,.F.,.F.,(3,3),(0.,1.),.UNSPECIFIED.);
#130=B_SPLINE_CURVE_WITH_KNOTS('',2,(#3889,#3890,#3891),.UNSPECIFIED.,.F.,.F.,(3,3),(0.,1.),.UNSPECIFIED.);
#131=B_SPLINE_CURVE_WITH_KNOTS('',3,(#3893,#3894,#3895,#3896),.UNSPECIFIED.,.F.,.F.,(4,4),(0.,1.),.UNSPECIFIED.);
#132=B_SPLINE_CURVE_WITH_KNOTS('',3,(#3900,#3901,#3902,#3903),.UNSPECIFIED.,.F.,.F.,(4,4),(0.,1.),.UNSPECIFIED.);
#133=B_SPLINE_CURVE_WITH_KNOTS('',2,(#3912,#3913,#3914),.UNSPECIFIED.,.F.,.F.,(3,3),(0.,1.),.UNSPECIFIED.);
#134=B_SPLINE_CURVE_WITH_KNOTS('',2,(#3925,#3926,#3927),.UNSPECIFIED.,.F.,.F.,(3,3),(0.,1.),.UNSPECIFIED.);
#135=B_SPLINE_CURVE_WITH_KNOTS('',2,(#3938,#3939,#3940),.UNSPECIFIED.,.F.,.F.,(3,3),(0.,1.),.UNSPECIFIED.);
#136=B_SPLINE_CURVE_WITH_KNOTS('',2,(#3951,#3952,#3953),.UNSPECIFIED.,.F.,.F.,(3,3),(0.,1.),.UNSPECIFIED.);
#137=B_SPLINE_CURVE_WITH_KNOTS('',2,(#3955,#3956,#3957),.UNSPECIFIED.,.F.,.F.,(3,3),(0.,1.),.UNSPECIFIED.);
#138=B_SPLINE_CURVE_WITH_KNOTS('',2,(#3960,#3961,#3962),.UNSPECIFIED.,.F.,.F.,(3,3),(0.,1.),.UNSPECIFIED.);
#139=B_SPLINE_CURVE_WITH_KNOTS('',2,(#3986,#3987,#3988),.UNSPECIFIED.,.F.,.F.,(3,3),(0.,1.),.UNSPECIFIED.);
#140=B_SPLINE_CURVE_WITH_KNOTS('',2,(#3992,#3993,#3994),.UNSPECIFIED.,.F.,.F.,(3,3),(0.,1.),.UNSPECIFIED.);
#141=B_SPLINE_CURVE_WITH_KNOTS('',2,(#3998,#3999,#4000),.UNSPECIFIED.,.F.,.F.,(3,3),(0.,1.),.UNSPECIFIED.);
#142=B_SPLINE_CURVE_WITH_KNOTS('',2,(#4002,#4003,#4004),.UNSPECIFIED.,.F.,.F.,(3,3),(0.,1.),.UNSPECIFIED.);
#143=B_SPLINE_CURVE_WITH_KNOTS('',2,(#4006,#4007,#4008),.UNSPECIFIED.,.F.,.F.,(3,3),(0.,1.),.UNSPECIFIED.);
#144=B_SPLINE_CURVE_WITH_KNOTS('',2,(#4010,#4011,#4012),.UNSPECIFIED.,.F.,.F.,(3,3),(0.,1.),.UNSPECIFIED.);
#145=B_SPLINE_CURVE_WITH_KNOTS('',2,(#4026,#4027,#4028),.UNSPECIFIED.,.F.,.F.,(3,3),(0.,1.),.UNSPECIFIED.);
#146=B_SPLINE_CURVE_WITH_KNOTS('',2,(#4030,#4031,#4032),.UNSPECIFIED.,.F.,.F.,(3,3),(0.,1.),.UNSPECIFIED.);
#147=B_SPLINE_CURVE_WITH_KNOTS('',2,(#4034,#4035,#4036),.UNSPECIFIED.,.F.,.F.,(3,3),(0.,1.),.UNSPECIFIED.);
#148=B_SPLINE_CURVE_WITH_KNOTS('',2,(#4038,#4039,#4040),.UNSPECIFIED.,.F.,.F.,(3,3),(0.,1.),.UNSPECIFIED.);
#149=B_SPLINE_CURVE_WITH_KNOTS('',2,(#4049,#4050,#4051),.UNSPECIFIED.,.F.,.F.,(3,3),(0.,1.),.UNSPECIFIED.);
#150=B_SPLINE_CURVE_WITH_KNOTS('',2,(#4064,#4065,#4066),.UNSPECIFIED.,.F.,.F.,(3,3),(0.,1.),.UNSPECIFIED.);
#151=B_SPLINE_CURVE_WITH_KNOTS('',2,(#4077,#4078,#4079),.UNSPECIFIED.,.F.,.F.,(3,3),(0.,1.),.UNSPECIFIED.);
#152=B_SPLINE_CURVE_WITH_KNOTS('',2,(#4090,#4091,#4092),.UNSPECIFIED.,.F.,.F.,(3,3),(0.,1.),.UNSPECIFIED.);
#153=B_SPLINE_CURVE_WITH_KNOTS('',3,(#4094,#4095,#4096,#4097),.UNSPECIFIED.,.F.,.F.,(4,4),(0.,1.),.UNSPECIFIED.);
#154=B_SPLINE_CURVE_WITH_KNOTS('',3,(#4101,#4102,#4103,#4104),.UNSPECIFIED.,.F.,.F.,(4,4),(0.,1.),.UNSPECIFIED.);
#155=B_SPLINE_CURVE_WITH_KNOTS('',3,(#4112,#4113,#4114,#4115),.UNSPECIFIED.,.F.,.F.,(4,4),(0.,1.),.UNSPECIFIED.);
#156=B_SPLINE_CURVE_WITH_KNOTS('',3,(#4123,#4124,#4125,#4126),.UNSPECIFIED.,.F.,.F.,(4,4),(0.,1.),.UNSPECIFIED.);
#157=B_SPLINE_CURVE_WITH_KNOTS('',3,(#4130,#4131,#4132,#4133),.UNSPECIFIED.,.F.,.F.,(4,4),(0.,1.),.UNSPECIFIED.);
#158=B_SPLINE_CURVE_WITH_KNOTS('',2,(#4142,#4143,#4144),.UNSPECIFIED.,.F.,.F.,(3,3),(0.,1.),.UNSPECIFIED.);
#159=B_SPLINE_CURVE_WITH_KNOTS('',2,(#4155,#4156,#4157),.UNSPECIFIED.,.F.,.F.,(3,3),(0.,1.),.UNSPECIFIED.);
#160=B_SPLINE_CURVE_WITH_KNOTS('',2,(#4168,#4169,#4170),.UNSPECIFIED.,.F.,.F.,(3,3),(0.,1.),.UNSPECIFIED.);
#161=B_SPLINE_CURVE_WITH_KNOTS('',2,(#4181,#4182,#4183),.UNSPECIFIED.,.F.,.F.,(3,3),(0.,1.),.UNSPECIFIED.);
#162=B_SPLINE_CURVE_WITH_KNOTS('',3,(#4185,#4186,#4187,#4188),.UNSPECIFIED.,.F.,.F.,(4,4),(0.,1.),.UNSPECIFIED.);
#163=B_SPLINE_CURVE_WITH_KNOTS('',3,(#4192,#4193,#4194,#4195),.UNSPECIFIED.,.F.,.F.,(4,4),(0.,1.),.UNSPECIFIED.);
#164=B_SPLINE_CURVE_WITH_KNOTS('',2,(#4204,#4205,#4206),.UNSPECIFIED.,.F.,.F.,(3,3),(0.,1.),.UNSPECIFIED.);
#165=B_SPLINE_CURVE_WITH_KNOTS('',2,(#4221,#4222,#4223),.UNSPECIFIED.,.F.,.F.,(3,3),(0.,1.),.UNSPECIFIED.);
#166=B_SPLINE_CURVE_WITH_KNOTS('',3,(#4229,#4230,#4231,#4232),.UNSPECIFIED.,.F.,.F.,(4,4),(0.,1.),.UNSPECIFIED.);
#167=B_SPLINE_CURVE_WITH_KNOTS('',3,(#4236,#4237,#4238,#4239),.UNSPECIFIED.,.F.,.F.,(4,4),(0.,1.),.UNSPECIFIED.);
#168=B_SPLINE_CURVE_WITH_KNOTS('',3,(#4243,#4244,#4245,#4246),.UNSPECIFIED.,.F.,.F.,(4,4),(0.,1.),.UNSPECIFIED.);
#169=B_SPLINE_CURVE_WITH_KNOTS('',3,(#4250,#4251,#4252,#4253),.UNSPECIFIED.,.F.,.F.,(4,4),(0.,1.),.UNSPECIFIED.);
#170=B_SPLINE_CURVE_WITH_KNOTS('',3,(#4257,#4258,#4259,#4260),.UNSPECIFIED.,.F.,.F.,(4,4),(0.,1.),.UNSPECIFIED.);
#171=B_SPLINE_CURVE_WITH_KNOTS('',3,(#4276,#4277,#4278,#4279),.UNSPECIFIED.,.F.,.F.,(4,4),(0.,1.),.UNSPECIFIED.);
#172=B_SPLINE_CURVE_WITH_KNOTS('',3,(#4283,#4284,#4285,#4286),.UNSPECIFIED.,.F.,.F.,(4,4),(0.,1.),.UNSPECIFIED.);
#173=B_SPLINE_CURVE_WITH_KNOTS('',3,(#4290,#4291,#4292,#4293),.UNSPECIFIED.,.F.,.F.,(4,4),(0.,1.),.UNSPECIFIED.);
#174=B_SPLINE_CURVE_WITH_KNOTS('',2,(#4302,#4303,#4304),.UNSPECIFIED.,.F.,.F.,(3,3),(0.,1.),.UNSPECIFIED.);
#175=B_SPLINE_CURVE_WITH_KNOTS('',2,(#4315,#4316,#4317),.UNSPECIFIED.,.F.,.F.,(3,3),(0.,1.),.UNSPECIFIED.);
#176=PLANE('',#2432);
#177=PLANE('',#2435);
#178=PLANE('',#2446);
#179=PLANE('',#2447);
#180=PLANE('',#2454);
#181=PLANE('',#2465);
#182=PLANE('',#2472);
#183=PLANE('',#2475);
#184=PLANE('',#2494);
#185=PLANE('',#2503);
#186=PLANE('',#2504);
#187=PLANE('',#2513);
#188=PLANE('',#2518);
#189=PLANE('',#2525);
#190=PLANE('',#2526);
#191=PLANE('',#2527);
#192=PLANE('',#2528);
#193=PLANE('',#2537);
#194=PLANE('',#2538);
#195=PLANE('',#2539);
#196=PLANE('',#2540);
#197=PLANE('',#2541);
#198=PLANE('',#2542);
#199=PLANE('',#2543);
#200=PLANE('',#2544);
#201=PLANE('',#2545);
#202=PLANE('',#2546);
#203=TOROIDAL_SURFACE('',#2376,0.002,0.001);
#204=TOROIDAL_SURFACE('',#2384,0.002,0.001);
#205=TOROIDAL_SURFACE('',#2388,0.002,0.001);
#206=TOROIDAL_SURFACE('',#2400,0.002,0.001);
#207=TOROIDAL_SURFACE('',#2405,0.00425,0.001);
#208=TOROIDAL_SURFACE('',#2408,0.002,0.001);
#209=TOROIDAL_SURFACE('',#2417,0.002,0.001);
#210=TOROIDAL_SURFACE('',#2421,0.002,0.001);
#211=TOROIDAL_SURFACE('',#2429,0.002,0.001);
#212=SPHERICAL_SURFACE('',#2348,0.001);
#213=SPHERICAL_SURFACE('',#2355,0.001);
#214=SPHERICAL_SURFACE('',#2358,0.001);
#215=SPHERICAL_SURFACE('',#2369,0.001);
#216=LINE('',#3079,#337);
#217=LINE('',#3083,#338);
#218=LINE('',#3092,#339);
#219=LINE('',#3093,#340);
#220=LINE('',#3098,#341);
#221=LINE('',#3099,#342);
#222=LINE('',#3112,#343);
#223=LINE('',#3113,#344);
#224=LINE('',#3118,#345);
#225=LINE('',#3119,#346);
#226=LINE('',#3123,#347);
#227=LINE('',#3124,#348);
#228=LINE('',#3129,#349);
#229=LINE('',#3130,#350);
#230=LINE('',#3134,#351);
#231=LINE('',#3138,#352);
#232=LINE('',#3143,#353);
#233=LINE('',#3147,#354);
#234=LINE('',#3158,#355);
#235=LINE('',#3159,#356);
#236=LINE('',#3164,#357);
#237=LINE('',#3165,#358);
#238=LINE('',#3182,#359);
#239=LINE('',#3183,#360);
#240=LINE('',#3188,#361);
#241=LINE('',#3189,#362);
#242=LINE('',#3194,#363);
#243=LINE('',#3195,#364);
#244=LINE('',#3200,#365);
#245=LINE('',#3201,#366);
#246=LINE('',#3206,#367);
#247=LINE('',#3210,#368);
#248=LINE('',#3229,#369);
#249=LINE('',#3230,#370);
#250=LINE('',#3235,#371);
#251=LINE('',#3236,#372);
#252=LINE('',#3253,#373);
#253=LINE('',#3254,#374);
#254=LINE('',#3259,#375);
#255=LINE('',#3260,#376);
#256=LINE('',#3270,#377);
#257=LINE('',#3329,#378);
#258=LINE('',#3332,#379);
#259=LINE('',#3382,#380);
#260=LINE('',#3383,#381);
#261=LINE('',#3397,#382);
#262=LINE('',#3406,#383);
#263=LINE('',#3415,#384);
#264=LINE('',#3429,#385);
#265=LINE('',#3438,#386);
#266=LINE('',#3441,#387);
#267=LINE('',#3475,#388);
#268=LINE('',#3488,#389);
#269=LINE('',#3501,#390);
#270=LINE('',#3514,#391);
#271=LINE('',#3527,#392);
#272=LINE('',#3574,#393);
#273=LINE('',#3618,#394);
#274=LINE('',#3652,#395);
#275=LINE('',#3653,#396);
#276=LINE('',#3666,#397);
#277=LINE('',#3679,#398);
#278=LINE('',#3711,#399);
#279=LINE('',#3729,#400);
#280=LINE('',#3765,#401);
#281=LINE('',#3778,#402);
#282=LINE('',#3791,#403);
#283=LINE('',#3804,#404);
#284=LINE('',#3817,#405);
#285=LINE('',#3830,#406);
#286=LINE('',#3862,#407);
#287=LINE('',#3880,#408);
#288=LINE('',#3916,#409);
#289=LINE('',#3929,#410);
#290=LINE('',#3942,#411);
#291=LINE('',#3968,#412);
#292=LINE('',#3974,#413);
#293=LINE('',#3984,#414);
#294=LINE('',#3990,#415);
#295=LINE('',#4020,#416);
#296=LINE('',#4054,#417);
#297=LINE('',#4055,#418);
#298=LINE('',#4068,#419);
#299=LINE('',#4081,#420);
#300=LINE('',#4108,#421);
#301=LINE('',#4110,#422);
#302=LINE('',#4119,#423);
#303=LINE('',#4146,#424);
#304=LINE('',#4159,#425);
#305=LINE('',#4172,#426);
#306=LINE('',#4208,#427);
#307=LINE('',#4210,#428);
#308=LINE('',#4212,#429);
#309=LINE('',#4225,#430);
#310=LINE('',#4227,#431);
#311=LINE('',#4262,#432);
#312=LINE('',#4264,#433);
#313=LINE('',#4268,#434);
#314=LINE('',#4272,#435);
#315=LINE('',#4274,#436);
#316=LINE('',#4306,#437);
#317=LINE('',#4322,#438);
#318=LINE('',#4324,#439);
#319=LINE('',#4326,#440);
#320=LINE('',#4328,#441);
#321=LINE('',#4330,#442);
#322=LINE('',#4332,#443);
#323=LINE('',#4336,#444);
#324=LINE('',#4338,#445);
#325=LINE('',#4342,#446);
#326=LINE('',#4344,#447);
#327=LINE('',#4348,#448);
#328=LINE('',#4350,#449);
#329=LINE('',#4354,#450);
#330=LINE('',#4356,#451);
#331=LINE('',#4358,#452);
#332=LINE('',#4360,#453);
#333=LINE('',#4362,#454);
#334=LINE('',#4364,#455);
#335=LINE('',#4366,#456);
#336=LINE('',#4368,#457);
#337=VECTOR('',#2553,1.);
#338=VECTOR('',#2556,1.);
#339=VECTOR('',#2567,1.);
#340=VECTOR('',#2568,1.);
#341=VECTOR('',#2573,1.);
#342=VECTOR('',#2574,1.);
#343=VECTOR('',#2591,1.);
#344=VECTOR('',#2592,1.);
#345=VECTOR('',#2597,1.);
#346=VECTOR('',#2598,1.);
#347=VECTOR('',#2603,1.);
#348=VECTOR('',#2604,1.);
#349=VECTOR('',#2609,1.);
#350=VECTOR('',#2610,1.);
#351=VECTOR('',#2617,1.);
#352=VECTOR('',#2620,1.);
#353=VECTOR('',#2625,1.);
#354=VECTOR('',#2628,1.);
#355=VECTOR('',#2641,1.);
#356=VECTOR('',#2642,1.);
#357=VECTOR('',#2647,1.);
#358=VECTOR('',#2648,1.);
#359=VECTOR('',#2669,1.);
#360=VECTOR('',#2670,1.);
#361=VECTOR('',#2675,1.);
#362=VECTOR('',#2676,1.);
#363=VECTOR('',#2681,1.);
#364=VECTOR('',#2682,1.);
#365=VECTOR('',#2687,1.);
#366=VECTOR('',#2688,1.);
#367=VECTOR('',#2697,1.);
#368=VECTOR('',#2700,1.);
#369=VECTOR('',#2721,1.);
#370=VECTOR('',#2722,1.);
#371=VECTOR('',#2727,1.);
#372=VECTOR('',#2728,1.);
#373=VECTOR('',#2749,1.);
#374=VECTOR('',#2750,1.);
#375=VECTOR('',#2755,1.);
#376=VECTOR('',#2756,1.);
#377=VECTOR('',#2765,1.);
#378=VECTOR('',#2778,1.);
#379=VECTOR('',#2781,1.);
#380=VECTOR('',#2790,1.);
#381=VECTOR('',#2791,1.);
#382=VECTOR('',#2794,1.);
#383=VECTOR('',#2795,1.);
#384=VECTOR('',#2796,1.);
#385=VECTOR('',#2799,1.);
#386=VECTOR('',#2800,1.);
#387=VECTOR('',#2805,1.);
#388=VECTOR('',#2814,1.);
#389=VECTOR('',#2815,1.);
#390=VECTOR('',#2816,1.);
#391=VECTOR('',#2817,1.);
#392=VECTOR('',#2818,1.);
#393=VECTOR('',#2827,1.);
#394=VECTOR('',#2834,1.);
#395=VECTOR('',#2839,1.);
#396=VECTOR('',#2840,1.);
#397=VECTOR('',#2841,1.);
#398=VECTOR('',#2842,1.);
#399=VECTOR('',#2853,1.);
#400=VECTOR('',#2854,1.);
#401=VECTOR('',#2859,1.);
#402=VECTOR('',#2860,1.);
#403=VECTOR('',#2861,1.);
#404=VECTOR('',#2862,1.);
#405=VECTOR('',#2863,1.);
#406=VECTOR('',#2864,1.);
#407=VECTOR('',#2875,1.);
#408=VECTOR('',#2876,1.);
#409=VECTOR('',#2881,1.);
#410=VECTOR('',#2882,1.);
#411=VECTOR('',#2883,1.);
#412=VECTOR('',#2890,1.);
#413=VECTOR('',#2895,1.);
#414=VECTOR('',#2904,1.);
#415=VECTOR('',#2905,1.);
#416=VECTOR('',#2914,1.);
#417=VECTOR('',#2919,1.);
#418=VECTOR('',#2920,1.);
#419=VECTOR('',#2921,1.);
#420=VECTOR('',#2922,1.);
#421=VECTOR('',#2931,1.);
#422=VECTOR('',#2934,1.);
#423=VECTOR('',#2939,1.);
#424=VECTOR('',#2948,1.);
#425=VECTOR('',#2949,1.);
#426=VECTOR('',#2950,1.);
#427=VECTOR('',#2955,1.);
#428=VECTOR('',#2958,1.);
#429=VECTOR('',#2959,1.);
#430=VECTOR('',#2960,1.);
#431=VECTOR('',#2963,1.);
#432=VECTOR('',#2982,1.);
#433=VECTOR('',#2983,1.);
#434=VECTOR('',#2988,1.);
#435=VECTOR('',#2993,1.);
#436=VECTOR('',#2996,1.);
#437=VECTOR('',#3005,1.);
#438=VECTOR('',#3012,1.);
#439=VECTOR('',#3015,1.);
#440=VECTOR('',#3018,1.);
#441=VECTOR('',#3021,1.);
#442=VECTOR('',#3024,1.);
#443=VECTOR('',#3025,1.);
#444=VECTOR('',#3030,1.);
#445=VECTOR('',#3031,1.);
#446=VECTOR('',#3036,1.);
#447=VECTOR('',#3037,1.);
#448=VECTOR('',#3042,1.);
#449=VECTOR('',#3043,1.);
#450=VECTOR('',#3048,1.);
#451=VECTOR('',#3051,1.);
#452=VECTOR('',#3054,1.);
#453=VECTOR('',#3057,1.);
#454=VECTOR('',#3060,1.);
#455=VECTOR('',#3063,1.);
#456=VECTOR('',#3066,1.);
#457=VECTOR('',#3069,1.);
#458=ORIENTED_EDGE('',*,*,#1164,.F.);
#459=ORIENTED_EDGE('',*,*,#1165,.T.);
#460=ORIENTED_EDGE('',*,*,#1166,.T.);
#461=ORIENTED_EDGE('',*,*,#1167,.F.);
#462=ORIENTED_EDGE('',*,*,#1168,.T.);
#463=ORIENTED_EDGE('',*,*,#1169,.T.);
#464=ORIENTED_EDGE('',*,*,#1164,.T.);
#465=ORIENTED_EDGE('',*,*,#1170,.F.);
#466=ORIENTED_EDGE('',*,*,#1171,.T.);
#467=ORIENTED_EDGE('',*,*,#1168,.F.);
#468=ORIENTED_EDGE('',*,*,#1172,.F.);
#469=ORIENTED_EDGE('',*,*,#1173,.F.);
#470=ORIENTED_EDGE('',*,*,#1174,.T.);
#471=ORIENTED_EDGE('',*,*,#1169,.F.);
#472=ORIENTED_EDGE('',*,*,#1175,.F.);
#473=ORIENTED_EDGE('',*,*,#1176,.T.);
#474=ORIENTED_EDGE('',*,*,#1177,.T.);
#475=ORIENTED_EDGE('',*,*,#1170,.T.);
#476=ORIENTED_EDGE('',*,*,#1178,.T.);
#477=ORIENTED_EDGE('',*,*,#1179,.T.);
#478=ORIENTED_EDGE('',*,*,#1173,.T.);
#479=ORIENTED_EDGE('',*,*,#1180,.T.);
#480=ORIENTED_EDGE('',*,*,#1181,.F.);
#481=ORIENTED_EDGE('',*,*,#1176,.F.);
#482=ORIENTED_EDGE('',*,*,#1182,.T.);
#483=ORIENTED_EDGE('',*,*,#1183,.F.);
#484=ORIENTED_EDGE('',*,*,#1184,.T.);
#485=ORIENTED_EDGE('',*,*,#1177,.F.);
#486=ORIENTED_EDGE('',*,*,#1185,.F.);
#487=ORIENTED_EDGE('',*,*,#1186,.F.);
#488=ORIENTED_EDGE('',*,*,#1187,.T.);
#489=ORIENTED_EDGE('',*,*,#1178,.F.);
#490=ORIENTED_EDGE('',*,*,#1188,.F.);
#491=ORIENTED_EDGE('',*,*,#1189,.T.);
#492=ORIENTED_EDGE('',*,*,#1190,.F.);
#493=ORIENTED_EDGE('',*,*,#1179,.F.);
#494=ORIENTED_EDGE('',*,*,#1191,.T.);
#495=ORIENTED_EDGE('',*,*,#1183,.T.);
#496=ORIENTED_EDGE('',*,*,#1192,.T.);
#497=ORIENTED_EDGE('',*,*,#1186,.T.);
#498=ORIENTED_EDGE('',*,*,#1192,.F.);
#499=ORIENTED_EDGE('',*,*,#1193,.T.);
#500=ORIENTED_EDGE('',*,*,#1194,.T.);
#501=ORIENTED_EDGE('',*,*,#1195,.F.);
#502=ORIENTED_EDGE('',*,*,#1196,.F.);
#503=ORIENTED_EDGE('',*,*,#1197,.T.);
#504=ORIENTED_EDGE('',*,*,#1198,.T.);
#505=ORIENTED_EDGE('',*,*,#1199,.F.);
#506=ORIENTED_EDGE('',*,*,#1200,.T.);
#507=ORIENTED_EDGE('',*,*,#1201,.T.);
#508=ORIENTED_EDGE('',*,*,#1198,.F.);
#509=ORIENTED_EDGE('',*,*,#1202,.T.);
#510=ORIENTED_EDGE('',*,*,#1203,.F.);
#511=ORIENTED_EDGE('',*,*,#1204,.F.);
#512=ORIENTED_EDGE('',*,*,#1202,.F.);
#513=ORIENTED_EDGE('',*,*,#1205,.T.);
#514=ORIENTED_EDGE('',*,*,#1206,.F.);
#515=ORIENTED_EDGE('',*,*,#1207,.T.);
#516=ORIENTED_EDGE('',*,*,#1201,.F.);
#517=ORIENTED_EDGE('',*,*,#1208,.F.);
#518=ORIENTED_EDGE('',*,*,#1209,.T.);
#519=ORIENTED_EDGE('',*,*,#1210,.T.);
#520=ORIENTED_EDGE('',*,*,#1203,.T.);
#521=ORIENTED_EDGE('',*,*,#1211,.F.);
#522=ORIENTED_EDGE('',*,*,#1212,.T.);
#523=ORIENTED_EDGE('',*,*,#1213,.F.);
#524=ORIENTED_EDGE('',*,*,#1206,.T.);
#525=ORIENTED_EDGE('',*,*,#1214,.T.);
#526=ORIENTED_EDGE('',*,*,#1215,.F.);
#527=ORIENTED_EDGE('',*,*,#1216,.T.);
#528=ORIENTED_EDGE('',*,*,#1211,.T.);
#529=ORIENTED_EDGE('',*,*,#1217,.F.);
#530=ORIENTED_EDGE('',*,*,#1218,.F.);
#531=ORIENTED_EDGE('',*,*,#1219,.T.);
#532=ORIENTED_EDGE('',*,*,#1209,.F.);
#533=ORIENTED_EDGE('',*,*,#1220,.F.);
#534=ORIENTED_EDGE('',*,*,#1221,.F.);
#535=ORIENTED_EDGE('',*,*,#1222,.F.);
#536=ORIENTED_EDGE('',*,*,#1212,.F.);
#537=ORIENTED_EDGE('',*,*,#1223,.T.);
#538=ORIENTED_EDGE('',*,*,#1224,.F.);
#539=ORIENTED_EDGE('',*,*,#1225,.T.);
#540=ORIENTED_EDGE('',*,*,#1213,.T.);
#541=ORIENTED_EDGE('',*,*,#1226,.F.);
#542=ORIENTED_EDGE('',*,*,#1218,.T.);
#543=ORIENTED_EDGE('',*,*,#1227,.F.);
#544=ORIENTED_EDGE('',*,*,#1221,.T.);
#545=ORIENTED_EDGE('',*,*,#1228,.T.);
#546=ORIENTED_EDGE('',*,*,#1227,.T.);
#547=ORIENTED_EDGE('',*,*,#1229,.F.);
#548=ORIENTED_EDGE('',*,*,#1230,.F.);
#549=ORIENTED_EDGE('',*,*,#1231,.T.);
#550=ORIENTED_EDGE('',*,*,#1232,.F.);
#551=ORIENTED_EDGE('',*,*,#1233,.T.);
#552=ORIENTED_EDGE('',*,*,#1234,.T.);
#553=ORIENTED_EDGE('',*,*,#1235,.T.);
#554=ORIENTED_EDGE('',*,*,#1236,.T.);
#555=ORIENTED_EDGE('',*,*,#1237,.F.);
#556=ORIENTED_EDGE('',*,*,#1238,.T.);
#557=ORIENTED_EDGE('',*,*,#1239,.F.);
#558=ORIENTED_EDGE('',*,*,#1236,.F.);
#559=ORIENTED_EDGE('',*,*,#1240,.T.);
#560=ORIENTED_EDGE('',*,*,#1241,.T.);
#561=ORIENTED_EDGE('',*,*,#1242,.F.);
#562=ORIENTED_EDGE('',*,*,#1234,.F.);
#563=ORIENTED_EDGE('',*,*,#1243,.T.);
#564=ORIENTED_EDGE('',*,*,#1244,.T.);
#565=ORIENTED_EDGE('',*,*,#1245,.F.);
#566=ORIENTED_EDGE('',*,*,#1238,.F.);
#567=ORIENTED_EDGE('',*,*,#1246,.T.);
#568=ORIENTED_EDGE('',*,*,#1247,.T.);
#569=ORIENTED_EDGE('',*,*,#1248,.T.);
#570=ORIENTED_EDGE('',*,*,#1241,.F.);
#571=ORIENTED_EDGE('',*,*,#1249,.F.);
#572=ORIENTED_EDGE('',*,*,#1250,.T.);
#573=ORIENTED_EDGE('',*,*,#1251,.F.);
#574=ORIENTED_EDGE('',*,*,#1244,.F.);
#575=ORIENTED_EDGE('',*,*,#1252,.T.);
#576=ORIENTED_EDGE('',*,*,#1253,.T.);
#577=ORIENTED_EDGE('',*,*,#1254,.F.);
#578=ORIENTED_EDGE('',*,*,#1247,.F.);
#579=ORIENTED_EDGE('',*,*,#1255,.T.);
#580=ORIENTED_EDGE('',*,*,#1250,.F.);
#581=ORIENTED_EDGE('',*,*,#1256,.T.);
#582=ORIENTED_EDGE('',*,*,#1253,.F.);
#583=ORIENTED_EDGE('',*,*,#1257,.F.);
#584=ORIENTED_EDGE('',*,*,#1258,.T.);
#585=ORIENTED_EDGE('',*,*,#1259,.T.);
#586=ORIENTED_EDGE('',*,*,#1260,.T.);
#587=ORIENTED_EDGE('',*,*,#1261,.F.);
#588=ORIENTED_EDGE('',*,*,#1262,.T.);
#589=ORIENTED_EDGE('',*,*,#1263,.T.);
#590=ORIENTED_EDGE('',*,*,#1264,.T.);
#591=ORIENTED_EDGE('',*,*,#1265,.T.);
#592=ORIENTED_EDGE('',*,*,#1266,.F.);
#593=ORIENTED_EDGE('',*,*,#1267,.F.);
#594=ORIENTED_EDGE('',*,*,#1268,.F.);
#595=ORIENTED_EDGE('',*,*,#1269,.F.);
#596=ORIENTED_EDGE('',*,*,#1270,.F.);
#597=ORIENTED_EDGE('',*,*,#1271,.F.);
#598=ORIENTED_EDGE('',*,*,#1272,.F.);
#599=ORIENTED_EDGE('',*,*,#1273,.F.);
#600=ORIENTED_EDGE('',*,*,#1274,.F.);
#601=ORIENTED_EDGE('',*,*,#1275,.F.);
#602=ORIENTED_EDGE('',*,*,#1276,.F.);
#603=ORIENTED_EDGE('',*,*,#1277,.F.);
#604=ORIENTED_EDGE('',*,*,#1278,.F.);
#605=ORIENTED_EDGE('',*,*,#1279,.F.);
#606=ORIENTED_EDGE('',*,*,#1280,.T.);
#607=ORIENTED_EDGE('',*,*,#1281,.F.);
#608=ORIENTED_EDGE('',*,*,#1282,.F.);
#609=ORIENTED_EDGE('',*,*,#1283,.F.);
#610=ORIENTED_EDGE('',*,*,#1284,.F.);
#611=ORIENTED_EDGE('',*,*,#1285,.T.);
#612=ORIENTED_EDGE('',*,*,#1286,.F.);
#613=ORIENTED_EDGE('',*,*,#1287,.F.);
#614=ORIENTED_EDGE('',*,*,#1288,.F.);
#615=ORIENTED_EDGE('',*,*,#1277,.T.);
#616=ORIENTED_EDGE('',*,*,#1289,.T.);
#617=ORIENTED_EDGE('',*,*,#1260,.F.);
#618=ORIENTED_EDGE('',*,*,#1290,.F.);
#619=ORIENTED_EDGE('',*,*,#1286,.T.);
#620=ORIENTED_EDGE('',*,*,#1291,.T.);
#621=ORIENTED_EDGE('',*,*,#1261,.T.);
#622=ORIENTED_EDGE('',*,*,#1291,.F.);
#623=ORIENTED_EDGE('',*,*,#1285,.F.);
#624=ORIENTED_EDGE('',*,*,#1292,.T.);
#625=ORIENTED_EDGE('',*,*,#1262,.F.);
#626=ORIENTED_EDGE('',*,*,#1292,.F.);
#627=ORIENTED_EDGE('',*,*,#1284,.T.);
#628=ORIENTED_EDGE('',*,*,#1293,.T.);
#629=ORIENTED_EDGE('',*,*,#1263,.F.);
#630=ORIENTED_EDGE('',*,*,#1293,.F.);
#631=ORIENTED_EDGE('',*,*,#1283,.T.);
#632=ORIENTED_EDGE('',*,*,#1294,.T.);
#633=ORIENTED_EDGE('',*,*,#1264,.F.);
#634=ORIENTED_EDGE('',*,*,#1294,.F.);
#635=ORIENTED_EDGE('',*,*,#1282,.T.);
#636=ORIENTED_EDGE('',*,*,#1295,.T.);
#637=ORIENTED_EDGE('',*,*,#1265,.F.);
#638=ORIENTED_EDGE('',*,*,#1295,.F.);
#639=ORIENTED_EDGE('',*,*,#1281,.T.);
#640=ORIENTED_EDGE('',*,*,#1296,.T.);
#641=ORIENTED_EDGE('',*,*,#1266,.T.);
#642=ORIENTED_EDGE('',*,*,#1296,.F.);
#643=ORIENTED_EDGE('',*,*,#1280,.F.);
#644=ORIENTED_EDGE('',*,*,#1297,.T.);
#645=ORIENTED_EDGE('',*,*,#1258,.F.);
#646=ORIENTED_EDGE('',*,*,#1297,.F.);
#647=ORIENTED_EDGE('',*,*,#1279,.T.);
#648=ORIENTED_EDGE('',*,*,#1298,.T.);
#649=ORIENTED_EDGE('',*,*,#1259,.F.);
#650=ORIENTED_EDGE('',*,*,#1298,.F.);
#651=ORIENTED_EDGE('',*,*,#1278,.T.);
#652=ORIENTED_EDGE('',*,*,#1290,.T.);
#653=ORIENTED_EDGE('',*,*,#1299,.F.);
#654=ORIENTED_EDGE('',*,*,#1289,.F.);
#655=ORIENTED_EDGE('',*,*,#1276,.T.);
#656=ORIENTED_EDGE('',*,*,#1300,.T.);
#657=ORIENTED_EDGE('',*,*,#1301,.F.);
#658=ORIENTED_EDGE('',*,*,#1300,.F.);
#659=ORIENTED_EDGE('',*,*,#1275,.T.);
#660=ORIENTED_EDGE('',*,*,#1302,.T.);
#661=ORIENTED_EDGE('',*,*,#1303,.F.);
#662=ORIENTED_EDGE('',*,*,#1302,.F.);
#663=ORIENTED_EDGE('',*,*,#1274,.T.);
#664=ORIENTED_EDGE('',*,*,#1304,.T.);
#665=ORIENTED_EDGE('',*,*,#1305,.F.);
#666=ORIENTED_EDGE('',*,*,#1304,.F.);
#667=ORIENTED_EDGE('',*,*,#1273,.T.);
#668=ORIENTED_EDGE('',*,*,#1306,.T.);
#669=ORIENTED_EDGE('',*,*,#1307,.F.);
#670=ORIENTED_EDGE('',*,*,#1306,.F.);
#671=ORIENTED_EDGE('',*,*,#1272,.T.);
#672=ORIENTED_EDGE('',*,*,#1308,.T.);
#673=ORIENTED_EDGE('',*,*,#1309,.F.);
#674=ORIENTED_EDGE('',*,*,#1308,.F.);
#675=ORIENTED_EDGE('',*,*,#1271,.T.);
#676=ORIENTED_EDGE('',*,*,#1310,.T.);
#677=ORIENTED_EDGE('',*,*,#1311,.F.);
#678=ORIENTED_EDGE('',*,*,#1310,.F.);
#679=ORIENTED_EDGE('',*,*,#1270,.T.);
#680=ORIENTED_EDGE('',*,*,#1312,.T.);
#681=ORIENTED_EDGE('',*,*,#1313,.F.);
#682=ORIENTED_EDGE('',*,*,#1312,.F.);
#683=ORIENTED_EDGE('',*,*,#1269,.T.);
#684=ORIENTED_EDGE('',*,*,#1314,.T.);
#685=ORIENTED_EDGE('',*,*,#1315,.F.);
#686=ORIENTED_EDGE('',*,*,#1314,.F.);
#687=ORIENTED_EDGE('',*,*,#1268,.T.);
#688=ORIENTED_EDGE('',*,*,#1316,.T.);
#689=ORIENTED_EDGE('',*,*,#1317,.F.);
#690=ORIENTED_EDGE('',*,*,#1316,.F.);
#691=ORIENTED_EDGE('',*,*,#1267,.T.);
#692=ORIENTED_EDGE('',*,*,#1288,.T.);
#693=ORIENTED_EDGE('',*,*,#1318,.F.);
#694=ORIENTED_EDGE('',*,*,#1319,.F.);
#695=ORIENTED_EDGE('',*,*,#1320,.F.);
#696=ORIENTED_EDGE('',*,*,#1321,.F.);
#697=ORIENTED_EDGE('',*,*,#1322,.T.);
#698=ORIENTED_EDGE('',*,*,#1323,.F.);
#699=ORIENTED_EDGE('',*,*,#1324,.F.);
#700=ORIENTED_EDGE('',*,*,#1325,.F.);
#701=ORIENTED_EDGE('',*,*,#1326,.F.);
#702=ORIENTED_EDGE('',*,*,#1327,.F.);
#703=ORIENTED_EDGE('',*,*,#1328,.F.);
#704=ORIENTED_EDGE('',*,*,#1329,.F.);
#705=ORIENTED_EDGE('',*,*,#1330,.F.);
#706=ORIENTED_EDGE('',*,*,#1331,.F.);
#707=ORIENTED_EDGE('',*,*,#1332,.F.);
#708=ORIENTED_EDGE('',*,*,#1333,.F.);
#709=ORIENTED_EDGE('',*,*,#1334,.F.);
#710=ORIENTED_EDGE('',*,*,#1335,.T.);
#711=ORIENTED_EDGE('',*,*,#1336,.F.);
#712=ORIENTED_EDGE('',*,*,#1337,.F.);
#713=ORIENTED_EDGE('',*,*,#1338,.F.);
#714=ORIENTED_EDGE('',*,*,#1339,.F.);
#715=ORIENTED_EDGE('',*,*,#1340,.F.);
#716=ORIENTED_EDGE('',*,*,#1341,.F.);
#717=ORIENTED_EDGE('',*,*,#1342,.F.);
#718=ORIENTED_EDGE('',*,*,#1343,.F.);
#719=ORIENTED_EDGE('',*,*,#1344,.F.);
#720=ORIENTED_EDGE('',*,*,#1345,.F.);
#721=ORIENTED_EDGE('',*,*,#1346,.F.);
#722=ORIENTED_EDGE('',*,*,#1344,.T.);
#723=ORIENTED_EDGE('',*,*,#1347,.T.);
#724=ORIENTED_EDGE('',*,*,#1348,.F.);
#725=ORIENTED_EDGE('',*,*,#1347,.F.);
#726=ORIENTED_EDGE('',*,*,#1343,.T.);
#727=ORIENTED_EDGE('',*,*,#1349,.T.);
#728=ORIENTED_EDGE('',*,*,#1350,.F.);
#729=ORIENTED_EDGE('',*,*,#1349,.F.);
#730=ORIENTED_EDGE('',*,*,#1342,.T.);
#731=ORIENTED_EDGE('',*,*,#1351,.T.);
#732=ORIENTED_EDGE('',*,*,#1352,.F.);
#733=ORIENTED_EDGE('',*,*,#1351,.F.);
#734=ORIENTED_EDGE('',*,*,#1341,.T.);
#735=ORIENTED_EDGE('',*,*,#1353,.T.);
#736=ORIENTED_EDGE('',*,*,#1354,.F.);
#737=ORIENTED_EDGE('',*,*,#1353,.F.);
#738=ORIENTED_EDGE('',*,*,#1340,.T.);
#739=ORIENTED_EDGE('',*,*,#1355,.T.);
#740=ORIENTED_EDGE('',*,*,#1356,.F.);
#741=ORIENTED_EDGE('',*,*,#1355,.F.);
#742=ORIENTED_EDGE('',*,*,#1339,.T.);
#743=ORIENTED_EDGE('',*,*,#1357,.T.);
#744=ORIENTED_EDGE('',*,*,#1358,.F.);
#745=ORIENTED_EDGE('',*,*,#1357,.F.);
#746=ORIENTED_EDGE('',*,*,#1338,.T.);
#747=ORIENTED_EDGE('',*,*,#1359,.T.);
#748=ORIENTED_EDGE('',*,*,#1360,.F.);
#749=ORIENTED_EDGE('',*,*,#1359,.F.);
#750=ORIENTED_EDGE('',*,*,#1337,.T.);
#751=ORIENTED_EDGE('',*,*,#1361,.T.);
#752=ORIENTED_EDGE('',*,*,#1362,.F.);
#753=ORIENTED_EDGE('',*,*,#1361,.F.);
#754=ORIENTED_EDGE('',*,*,#1336,.T.);
#755=ORIENTED_EDGE('',*,*,#1363,.T.);
#756=ORIENTED_EDGE('',*,*,#1364,.T.);
#757=ORIENTED_EDGE('',*,*,#1363,.F.);
#758=ORIENTED_EDGE('',*,*,#1335,.F.);
#759=ORIENTED_EDGE('',*,*,#1365,.T.);
#760=ORIENTED_EDGE('',*,*,#1366,.F.);
#761=ORIENTED_EDGE('',*,*,#1365,.F.);
#762=ORIENTED_EDGE('',*,*,#1334,.T.);
#763=ORIENTED_EDGE('',*,*,#1367,.T.);
#764=ORIENTED_EDGE('',*,*,#1368,.F.);
#765=ORIENTED_EDGE('',*,*,#1367,.F.);
#766=ORIENTED_EDGE('',*,*,#1333,.T.);
#767=ORIENTED_EDGE('',*,*,#1369,.T.);
#768=ORIENTED_EDGE('',*,*,#1370,.F.);
#769=ORIENTED_EDGE('',*,*,#1369,.F.);
#770=ORIENTED_EDGE('',*,*,#1332,.T.);
#771=ORIENTED_EDGE('',*,*,#1371,.T.);
#772=ORIENTED_EDGE('',*,*,#1372,.F.);
#773=ORIENTED_EDGE('',*,*,#1371,.F.);
#774=ORIENTED_EDGE('',*,*,#1331,.T.);
#775=ORIENTED_EDGE('',*,*,#1373,.T.);
#776=ORIENTED_EDGE('',*,*,#1374,.F.);
#777=ORIENTED_EDGE('',*,*,#1373,.F.);
#778=ORIENTED_EDGE('',*,*,#1330,.T.);
#779=ORIENTED_EDGE('',*,*,#1375,.T.);
#780=ORIENTED_EDGE('',*,*,#1376,.F.);
#781=ORIENTED_EDGE('',*,*,#1375,.F.);
#782=ORIENTED_EDGE('',*,*,#1329,.T.);
#783=ORIENTED_EDGE('',*,*,#1377,.T.);
#784=ORIENTED_EDGE('',*,*,#1378,.F.);
#785=ORIENTED_EDGE('',*,*,#1377,.F.);
#786=ORIENTED_EDGE('',*,*,#1328,.T.);
#787=ORIENTED_EDGE('',*,*,#1379,.T.);
#788=ORIENTED_EDGE('',*,*,#1380,.F.);
#789=ORIENTED_EDGE('',*,*,#1379,.F.);
#790=ORIENTED_EDGE('',*,*,#1327,.T.);
#791=ORIENTED_EDGE('',*,*,#1381,.T.);
#792=ORIENTED_EDGE('',*,*,#1382,.F.);
#793=ORIENTED_EDGE('',*,*,#1381,.F.);
#794=ORIENTED_EDGE('',*,*,#1326,.T.);
#795=ORIENTED_EDGE('',*,*,#1383,.T.);
#796=ORIENTED_EDGE('',*,*,#1384,.F.);
#797=ORIENTED_EDGE('',*,*,#1383,.F.);
#798=ORIENTED_EDGE('',*,*,#1325,.T.);
#799=ORIENTED_EDGE('',*,*,#1385,.T.);
#800=ORIENTED_EDGE('',*,*,#1386,.F.);
#801=ORIENTED_EDGE('',*,*,#1385,.F.);
#802=ORIENTED_EDGE('',*,*,#1324,.T.);
#803=ORIENTED_EDGE('',*,*,#1387,.T.);
#804=ORIENTED_EDGE('',*,*,#1388,.F.);
#805=ORIENTED_EDGE('',*,*,#1387,.F.);
#806=ORIENTED_EDGE('',*,*,#1323,.T.);
#807=ORIENTED_EDGE('',*,*,#1389,.T.);
#808=ORIENTED_EDGE('',*,*,#1390,.T.);
#809=ORIENTED_EDGE('',*,*,#1389,.F.);
#810=ORIENTED_EDGE('',*,*,#1322,.F.);
#811=ORIENTED_EDGE('',*,*,#1391,.T.);
#812=ORIENTED_EDGE('',*,*,#1392,.F.);
#813=ORIENTED_EDGE('',*,*,#1391,.F.);
#814=ORIENTED_EDGE('',*,*,#1321,.T.);
#815=ORIENTED_EDGE('',*,*,#1393,.T.);
#816=ORIENTED_EDGE('',*,*,#1394,.F.);
#817=ORIENTED_EDGE('',*,*,#1393,.F.);
#818=ORIENTED_EDGE('',*,*,#1320,.T.);
#819=ORIENTED_EDGE('',*,*,#1395,.T.);
#820=ORIENTED_EDGE('',*,*,#1396,.F.);
#821=ORIENTED_EDGE('',*,*,#1395,.F.);
#822=ORIENTED_EDGE('',*,*,#1319,.T.);
#823=ORIENTED_EDGE('',*,*,#1397,.T.);
#824=ORIENTED_EDGE('',*,*,#1398,.F.);
#825=ORIENTED_EDGE('',*,*,#1397,.F.);
#826=ORIENTED_EDGE('',*,*,#1318,.T.);
#827=ORIENTED_EDGE('',*,*,#1346,.T.);
#828=ORIENTED_EDGE('',*,*,#1399,.F.);
#829=ORIENTED_EDGE('',*,*,#1400,.F.);
#830=ORIENTED_EDGE('',*,*,#1401,.F.);
#831=ORIENTED_EDGE('',*,*,#1402,.F.);
#832=ORIENTED_EDGE('',*,*,#1403,.F.);
#833=ORIENTED_EDGE('',*,*,#1404,.F.);
#834=ORIENTED_EDGE('',*,*,#1405,.F.);
#835=ORIENTED_EDGE('',*,*,#1406,.F.);
#836=ORIENTED_EDGE('',*,*,#1407,.F.);
#837=ORIENTED_EDGE('',*,*,#1408,.F.);
#838=ORIENTED_EDGE('',*,*,#1409,.F.);
#839=ORIENTED_EDGE('',*,*,#1410,.F.);
#840=ORIENTED_EDGE('',*,*,#1411,.F.);
#841=ORIENTED_EDGE('',*,*,#1412,.F.);
#842=ORIENTED_EDGE('',*,*,#1413,.F.);
#843=ORIENTED_EDGE('',*,*,#1414,.F.);
#844=ORIENTED_EDGE('',*,*,#1415,.T.);
#845=ORIENTED_EDGE('',*,*,#1416,.F.);
#846=ORIENTED_EDGE('',*,*,#1417,.F.);
#847=ORIENTED_EDGE('',*,*,#1418,.F.);
#848=ORIENTED_EDGE('',*,*,#1419,.F.);
#849=ORIENTED_EDGE('',*,*,#1420,.T.);
#850=ORIENTED_EDGE('',*,*,#1421,.F.);
#851=ORIENTED_EDGE('',*,*,#1422,.F.);
#852=ORIENTED_EDGE('',*,*,#1423,.F.);
#853=ORIENTED_EDGE('',*,*,#1424,.F.);
#854=ORIENTED_EDGE('',*,*,#1425,.F.);
#855=ORIENTED_EDGE('',*,*,#1426,.F.);
#856=ORIENTED_EDGE('',*,*,#1427,.F.);
#857=ORIENTED_EDGE('',*,*,#1428,.F.);
#858=ORIENTED_EDGE('',*,*,#1429,.F.);
#859=ORIENTED_EDGE('',*,*,#1430,.F.);
#860=ORIENTED_EDGE('',*,*,#1431,.F.);
#861=ORIENTED_EDGE('',*,*,#1429,.T.);
#862=ORIENTED_EDGE('',*,*,#1432,.T.);
#863=ORIENTED_EDGE('',*,*,#1433,.F.);
#864=ORIENTED_EDGE('',*,*,#1432,.F.);
#865=ORIENTED_EDGE('',*,*,#1428,.T.);
#866=ORIENTED_EDGE('',*,*,#1434,.T.);
#867=ORIENTED_EDGE('',*,*,#1435,.F.);
#868=ORIENTED_EDGE('',*,*,#1434,.F.);
#869=ORIENTED_EDGE('',*,*,#1427,.T.);
#870=ORIENTED_EDGE('',*,*,#1436,.T.);
#871=ORIENTED_EDGE('',*,*,#1437,.F.);
#872=ORIENTED_EDGE('',*,*,#1436,.F.);
#873=ORIENTED_EDGE('',*,*,#1426,.T.);
#874=ORIENTED_EDGE('',*,*,#1438,.T.);
#875=ORIENTED_EDGE('',*,*,#1439,.F.);
#876=ORIENTED_EDGE('',*,*,#1438,.F.);
#877=ORIENTED_EDGE('',*,*,#1425,.T.);
#878=ORIENTED_EDGE('',*,*,#1440,.T.);
#879=ORIENTED_EDGE('',*,*,#1441,.F.);
#880=ORIENTED_EDGE('',*,*,#1440,.F.);
#881=ORIENTED_EDGE('',*,*,#1424,.T.);
#882=ORIENTED_EDGE('',*,*,#1442,.T.);
#883=ORIENTED_EDGE('',*,*,#1443,.F.);
#884=ORIENTED_EDGE('',*,*,#1442,.F.);
#885=ORIENTED_EDGE('',*,*,#1423,.T.);
#886=ORIENTED_EDGE('',*,*,#1444,.T.);
#887=ORIENTED_EDGE('',*,*,#1445,.F.);
#888=ORIENTED_EDGE('',*,*,#1444,.F.);
#889=ORIENTED_EDGE('',*,*,#1422,.T.);
#890=ORIENTED_EDGE('',*,*,#1446,.T.);
#891=ORIENTED_EDGE('',*,*,#1447,.F.);
#892=ORIENTED_EDGE('',*,*,#1446,.F.);
#893=ORIENTED_EDGE('',*,*,#1421,.T.);
#894=ORIENTED_EDGE('',*,*,#1448,.T.);
#895=ORIENTED_EDGE('',*,*,#1449,.T.);
#896=ORIENTED_EDGE('',*,*,#1448,.F.);
#897=ORIENTED_EDGE('',*,*,#1420,.F.);
#898=ORIENTED_EDGE('',*,*,#1450,.T.);
#899=ORIENTED_EDGE('',*,*,#1451,.F.);
#900=ORIENTED_EDGE('',*,*,#1450,.F.);
#901=ORIENTED_EDGE('',*,*,#1419,.T.);
#902=ORIENTED_EDGE('',*,*,#1452,.T.);
#903=ORIENTED_EDGE('',*,*,#1453,.F.);
#904=ORIENTED_EDGE('',*,*,#1452,.F.);
#905=ORIENTED_EDGE('',*,*,#1418,.T.);
#906=ORIENTED_EDGE('',*,*,#1454,.T.);
#907=ORIENTED_EDGE('',*,*,#1455,.F.);
#908=ORIENTED_EDGE('',*,*,#1454,.F.);
#909=ORIENTED_EDGE('',*,*,#1417,.T.);
#910=ORIENTED_EDGE('',*,*,#1456,.T.);
#911=ORIENTED_EDGE('',*,*,#1457,.F.);
#912=ORIENTED_EDGE('',*,*,#1456,.F.);
#913=ORIENTED_EDGE('',*,*,#1416,.T.);
#914=ORIENTED_EDGE('',*,*,#1458,.T.);
#915=ORIENTED_EDGE('',*,*,#1459,.T.);
#916=ORIENTED_EDGE('',*,*,#1458,.F.);
#917=ORIENTED_EDGE('',*,*,#1415,.F.);
#918=ORIENTED_EDGE('',*,*,#1460,.T.);
#919=ORIENTED_EDGE('',*,*,#1461,.F.);
#920=ORIENTED_EDGE('',*,*,#1460,.F.);
#921=ORIENTED_EDGE('',*,*,#1414,.T.);
#922=ORIENTED_EDGE('',*,*,#1462,.T.);
#923=ORIENTED_EDGE('',*,*,#1463,.F.);
#924=ORIENTED_EDGE('',*,*,#1462,.F.);
#925=ORIENTED_EDGE('',*,*,#1413,.T.);
#926=ORIENTED_EDGE('',*,*,#1464,.T.);
#927=ORIENTED_EDGE('',*,*,#1465,.F.);
#928=ORIENTED_EDGE('',*,*,#1464,.F.);
#929=ORIENTED_EDGE('',*,*,#1412,.T.);
#930=ORIENTED_EDGE('',*,*,#1466,.T.);
#931=ORIENTED_EDGE('',*,*,#1467,.F.);
#932=ORIENTED_EDGE('',*,*,#1466,.F.);
#933=ORIENTED_EDGE('',*,*,#1411,.T.);
#934=ORIENTED_EDGE('',*,*,#1468,.T.);
#935=ORIENTED_EDGE('',*,*,#1469,.F.);
#936=ORIENTED_EDGE('',*,*,#1468,.F.);
#937=ORIENTED_EDGE('',*,*,#1410,.T.);
#938=ORIENTED_EDGE('',*,*,#1470,.T.);
#939=ORIENTED_EDGE('',*,*,#1471,.F.);
#940=ORIENTED_EDGE('',*,*,#1470,.F.);
#941=ORIENTED_EDGE('',*,*,#1409,.T.);
#942=ORIENTED_EDGE('',*,*,#1472,.T.);
#943=ORIENTED_EDGE('',*,*,#1473,.F.);
#944=ORIENTED_EDGE('',*,*,#1472,.F.);
#945=ORIENTED_EDGE('',*,*,#1408,.T.);
#946=ORIENTED_EDGE('',*,*,#1474,.T.);
#947=ORIENTED_EDGE('',*,*,#1475,.F.);
#948=ORIENTED_EDGE('',*,*,#1474,.F.);
#949=ORIENTED_EDGE('',*,*,#1407,.T.);
#950=ORIENTED_EDGE('',*,*,#1476,.T.);
#951=ORIENTED_EDGE('',*,*,#1477,.F.);
#952=ORIENTED_EDGE('',*,*,#1476,.F.);
#953=ORIENTED_EDGE('',*,*,#1406,.T.);
#954=ORIENTED_EDGE('',*,*,#1478,.T.);
#955=ORIENTED_EDGE('',*,*,#1479,.F.);
#956=ORIENTED_EDGE('',*,*,#1478,.F.);
#957=ORIENTED_EDGE('',*,*,#1405,.T.);
#958=ORIENTED_EDGE('',*,*,#1480,.T.);
#959=ORIENTED_EDGE('',*,*,#1481,.F.);
#960=ORIENTED_EDGE('',*,*,#1480,.F.);
#961=ORIENTED_EDGE('',*,*,#1404,.T.);
#962=ORIENTED_EDGE('',*,*,#1482,.T.);
#963=ORIENTED_EDGE('',*,*,#1483,.F.);
#964=ORIENTED_EDGE('',*,*,#1482,.F.);
#965=ORIENTED_EDGE('',*,*,#1403,.T.);
#966=ORIENTED_EDGE('',*,*,#1484,.T.);
#967=ORIENTED_EDGE('',*,*,#1485,.F.);
#968=ORIENTED_EDGE('',*,*,#1484,.F.);
#969=ORIENTED_EDGE('',*,*,#1402,.T.);
#970=ORIENTED_EDGE('',*,*,#1486,.T.);
#971=ORIENTED_EDGE('',*,*,#1487,.F.);
#972=ORIENTED_EDGE('',*,*,#1486,.F.);
#973=ORIENTED_EDGE('',*,*,#1401,.T.);
#974=ORIENTED_EDGE('',*,*,#1488,.T.);
#975=ORIENTED_EDGE('',*,*,#1489,.F.);
#976=ORIENTED_EDGE('',*,*,#1488,.F.);
#977=ORIENTED_EDGE('',*,*,#1400,.T.);
#978=ORIENTED_EDGE('',*,*,#1490,.T.);
#979=ORIENTED_EDGE('',*,*,#1491,.F.);
#980=ORIENTED_EDGE('',*,*,#1490,.F.);
#981=ORIENTED_EDGE('',*,*,#1399,.T.);
#982=ORIENTED_EDGE('',*,*,#1431,.T.);
#983=ORIENTED_EDGE('',*,*,#1492,.F.);
#984=ORIENTED_EDGE('',*,*,#1232,.T.);
#985=ORIENTED_EDGE('',*,*,#1205,.F.);
#986=ORIENTED_EDGE('',*,*,#1197,.F.);
#987=ORIENTED_EDGE('',*,*,#1493,.T.);
#988=ORIENTED_EDGE('',*,*,#1217,.T.);
#989=ORIENTED_EDGE('',*,*,#1220,.T.);
#990=ORIENTED_EDGE('',*,*,#1216,.F.);
#991=ORIENTED_EDGE('',*,*,#1494,.F.);
#992=ORIENTED_EDGE('',*,*,#1229,.T.);
#993=ORIENTED_EDGE('',*,*,#1222,.T.);
#994=ORIENTED_EDGE('',*,*,#1231,.F.);
#995=ORIENTED_EDGE('',*,*,#1495,.F.);
#996=ORIENTED_EDGE('',*,*,#1226,.T.);
#997=ORIENTED_EDGE('',*,*,#1496,.T.);
#998=ORIENTED_EDGE('',*,*,#1199,.T.);
#999=ORIENTED_EDGE('',*,*,#1207,.F.);
#1000=ORIENTED_EDGE('',*,*,#1225,.F.);
#1001=ORIENTED_EDGE('',*,*,#1497,.T.);
#1002=ORIENTED_EDGE('',*,*,#1237,.T.);
#1003=ORIENTED_EDGE('',*,*,#1498,.F.);
#1004=ORIENTED_EDGE('',*,*,#1499,.F.);
#1005=ORIENTED_EDGE('',*,*,#1500,.T.);
#1006=ORIENTED_EDGE('',*,*,#1249,.T.);
#1007=ORIENTED_EDGE('',*,*,#1501,.F.);
#1008=ORIENTED_EDGE('',*,*,#1502,.F.);
#1009=ORIENTED_EDGE('',*,*,#1503,.T.);
#1010=ORIENTED_EDGE('',*,*,#1257,.T.);
#1011=ORIENTED_EDGE('',*,*,#1504,.F.);
#1012=ORIENTED_EDGE('',*,*,#1505,.F.);
#1013=ORIENTED_EDGE('',*,*,#1506,.T.);
#1014=ORIENTED_EDGE('',*,*,#1245,.T.);
#1015=ORIENTED_EDGE('',*,*,#1507,.F.);
#1016=ORIENTED_EDGE('',*,*,#1508,.F.);
#1017=ORIENTED_EDGE('',*,*,#1498,.T.);
#1018=ORIENTED_EDGE('',*,*,#1239,.T.);
#1019=ORIENTED_EDGE('',*,*,#1506,.F.);
#1020=ORIENTED_EDGE('',*,*,#1509,.F.);
#1021=ORIENTED_EDGE('',*,*,#1507,.T.);
#1022=ORIENTED_EDGE('',*,*,#1251,.T.);
#1023=ORIENTED_EDGE('',*,*,#1503,.F.);
#1024=ORIENTED_EDGE('',*,*,#1510,.F.);
#1025=ORIENTED_EDGE('',*,*,#1504,.T.);
#1026=ORIENTED_EDGE('',*,*,#1255,.F.);
#1027=ORIENTED_EDGE('',*,*,#1500,.F.);
#1028=ORIENTED_EDGE('',*,*,#1511,.T.);
#1029=ORIENTED_EDGE('',*,*,#1501,.T.);
#1030=ORIENTED_EDGE('',*,*,#1243,.F.);
#1031=ORIENTED_EDGE('',*,*,#1497,.F.);
#1032=ORIENTED_EDGE('',*,*,#1512,.T.);
#1033=ORIENTED_EDGE('',*,*,#1172,.T.);
#1034=ORIENTED_EDGE('',*,*,#1167,.T.);
#1035=ORIENTED_EDGE('',*,*,#1513,.F.);
#1036=ORIENTED_EDGE('',*,*,#1182,.F.);
#1037=ORIENTED_EDGE('',*,*,#1514,.T.);
#1038=ORIENTED_EDGE('',*,*,#1165,.F.);
#1039=ORIENTED_EDGE('',*,*,#1174,.F.);
#1040=ORIENTED_EDGE('',*,*,#1190,.T.);
#1041=ORIENTED_EDGE('',*,*,#1187,.F.);
#1042=ORIENTED_EDGE('',*,*,#1195,.T.);
#1043=ORIENTED_EDGE('',*,*,#1515,.T.);
#1044=ORIENTED_EDGE('',*,*,#1191,.F.);
#1045=ORIENTED_EDGE('',*,*,#1185,.T.);
#1046=ORIENTED_EDGE('',*,*,#1181,.T.);
#1047=ORIENTED_EDGE('',*,*,#1516,.F.);
#1048=ORIENTED_EDGE('',*,*,#1193,.F.);
#1049=ORIENTED_EDGE('',*,*,#1496,.F.);
#1050=ORIENTED_EDGE('',*,*,#1224,.T.);
#1051=ORIENTED_EDGE('',*,*,#1495,.T.);
#1052=ORIENTED_EDGE('',*,*,#1230,.T.);
#1053=ORIENTED_EDGE('',*,*,#1494,.T.);
#1054=ORIENTED_EDGE('',*,*,#1215,.T.);
#1055=ORIENTED_EDGE('',*,*,#1493,.F.);
#1056=ORIENTED_EDGE('',*,*,#1196,.T.);
#1057=ORIENTED_EDGE('',*,*,#1512,.F.);
#1058=ORIENTED_EDGE('',*,*,#1499,.T.);
#1059=ORIENTED_EDGE('',*,*,#1509,.T.);
#1060=ORIENTED_EDGE('',*,*,#1508,.T.);
#1061=ORIENTED_EDGE('',*,*,#1510,.T.);
#1062=ORIENTED_EDGE('',*,*,#1505,.T.);
#1063=ORIENTED_EDGE('',*,*,#1511,.F.);
#1064=ORIENTED_EDGE('',*,*,#1502,.T.);
#1065=ORIENTED_EDGE('',*,*,#1513,.T.);
#1066=ORIENTED_EDGE('',*,*,#1166,.F.);
#1067=ORIENTED_EDGE('',*,*,#1514,.F.);
#1068=ORIENTED_EDGE('',*,*,#1189,.F.);
#1069=ORIENTED_EDGE('',*,*,#1515,.F.);
#1070=ORIENTED_EDGE('',*,*,#1194,.F.);
#1071=ORIENTED_EDGE('',*,*,#1516,.T.);
#1072=ORIENTED_EDGE('',*,*,#1180,.F.);
#1073=ORIENTED_EDGE('',*,*,#1492,.T.);
#1074=ORIENTED_EDGE('',*,*,#1200,.F.);
#1075=ORIENTED_EDGE('',*,*,#1204,.T.);
#1076=ORIENTED_EDGE('',*,*,#1210,.F.);
#1077=ORIENTED_EDGE('',*,*,#1219,.F.);
#1078=ORIENTED_EDGE('',*,*,#1228,.F.);
#1079=ORIENTED_EDGE('',*,*,#1223,.F.);
#1080=ORIENTED_EDGE('',*,*,#1214,.F.);
#1081=ORIENTED_EDGE('',*,*,#1208,.T.);
#1082=ORIENTED_EDGE('',*,*,#1233,.F.);
#1083=ORIENTED_EDGE('',*,*,#1240,.F.);
#1084=ORIENTED_EDGE('',*,*,#1235,.F.);
#1085=ORIENTED_EDGE('',*,*,#1242,.T.);
#1086=ORIENTED_EDGE('',*,*,#1248,.F.);
#1087=ORIENTED_EDGE('',*,*,#1254,.T.);
#1088=ORIENTED_EDGE('',*,*,#1256,.F.);
#1089=ORIENTED_EDGE('',*,*,#1252,.F.);
#1090=ORIENTED_EDGE('',*,*,#1246,.F.);
#1091=ORIENTED_EDGE('',*,*,#1491,.T.);
#1092=ORIENTED_EDGE('',*,*,#1430,.T.);
#1093=ORIENTED_EDGE('',*,*,#1433,.T.);
#1094=ORIENTED_EDGE('',*,*,#1435,.T.);
#1095=ORIENTED_EDGE('',*,*,#1437,.T.);
#1096=ORIENTED_EDGE('',*,*,#1439,.T.);
#1097=ORIENTED_EDGE('',*,*,#1441,.T.);
#1098=ORIENTED_EDGE('',*,*,#1443,.T.);
#1099=ORIENTED_EDGE('',*,*,#1445,.T.);
#1100=ORIENTED_EDGE('',*,*,#1447,.T.);
#1101=ORIENTED_EDGE('',*,*,#1449,.F.);
#1102=ORIENTED_EDGE('',*,*,#1451,.T.);
#1103=ORIENTED_EDGE('',*,*,#1453,.T.);
#1104=ORIENTED_EDGE('',*,*,#1455,.T.);
#1105=ORIENTED_EDGE('',*,*,#1457,.T.);
#1106=ORIENTED_EDGE('',*,*,#1459,.F.);
#1107=ORIENTED_EDGE('',*,*,#1461,.T.);
#1108=ORIENTED_EDGE('',*,*,#1463,.T.);
#1109=ORIENTED_EDGE('',*,*,#1465,.T.);
#1110=ORIENTED_EDGE('',*,*,#1467,.T.);
#1111=ORIENTED_EDGE('',*,*,#1469,.T.);
#1112=ORIENTED_EDGE('',*,*,#1471,.T.);
#1113=ORIENTED_EDGE('',*,*,#1473,.T.);
#1114=ORIENTED_EDGE('',*,*,#1475,.T.);
#1115=ORIENTED_EDGE('',*,*,#1477,.T.);
#1116=ORIENTED_EDGE('',*,*,#1479,.T.);
#1117=ORIENTED_EDGE('',*,*,#1481,.T.);
#1118=ORIENTED_EDGE('',*,*,#1483,.T.);
#1119=ORIENTED_EDGE('',*,*,#1485,.T.);
#1120=ORIENTED_EDGE('',*,*,#1487,.T.);
#1121=ORIENTED_EDGE('',*,*,#1489,.T.);
#1122=ORIENTED_EDGE('',*,*,#1396,.T.);
#1123=ORIENTED_EDGE('',*,*,#1398,.T.);
#1124=ORIENTED_EDGE('',*,*,#1345,.T.);
#1125=ORIENTED_EDGE('',*,*,#1348,.T.);
#1126=ORIENTED_EDGE('',*,*,#1350,.T.);
#1127=ORIENTED_EDGE('',*,*,#1352,.T.);
#1128=ORIENTED_EDGE('',*,*,#1354,.T.);
#1129=ORIENTED_EDGE('',*,*,#1356,.T.);
#1130=ORIENTED_EDGE('',*,*,#1358,.T.);
#1131=ORIENTED_EDGE('',*,*,#1360,.T.);
#1132=ORIENTED_EDGE('',*,*,#1362,.T.);
#1133=ORIENTED_EDGE('',*,*,#1364,.F.);
#1134=ORIENTED_EDGE('',*,*,#1366,.T.);
#1135=ORIENTED_EDGE('',*,*,#1368,.T.);
#1136=ORIENTED_EDGE('',*,*,#1370,.T.);
#1137=ORIENTED_EDGE('',*,*,#1372,.T.);
#1138=ORIENTED_EDGE('',*,*,#1374,.T.);
#1139=ORIENTED_EDGE('',*,*,#1376,.T.);
#1140=ORIENTED_EDGE('',*,*,#1378,.T.);
#1141=ORIENTED_EDGE('',*,*,#1380,.T.);
#1142=ORIENTED_EDGE('',*,*,#1382,.T.);
#1143=ORIENTED_EDGE('',*,*,#1384,.T.);
#1144=ORIENTED_EDGE('',*,*,#1386,.T.);
#1145=ORIENTED_EDGE('',*,*,#1388,.T.);
#1146=ORIENTED_EDGE('',*,*,#1390,.F.);
#1147=ORIENTED_EDGE('',*,*,#1392,.T.);
#1148=ORIENTED_EDGE('',*,*,#1394,.T.);
#1149=ORIENTED_EDGE('',*,*,#1315,.T.);
#1150=ORIENTED_EDGE('',*,*,#1317,.T.);
#1151=ORIENTED_EDGE('',*,*,#1287,.T.);
#1152=ORIENTED_EDGE('',*,*,#1299,.T.);
#1153=ORIENTED_EDGE('',*,*,#1301,.T.);
#1154=ORIENTED_EDGE('',*,*,#1303,.T.);
#1155=ORIENTED_EDGE('',*,*,#1305,.T.);
#1156=ORIENTED_EDGE('',*,*,#1307,.T.);
#1157=ORIENTED_EDGE('',*,*,#1309,.T.);
#1158=ORIENTED_EDGE('',*,*,#1311,.T.);
#1159=ORIENTED_EDGE('',*,*,#1313,.T.);
#1160=ORIENTED_EDGE('',*,*,#1175,.T.);
#1161=ORIENTED_EDGE('',*,*,#1171,.F.);
#1162=ORIENTED_EDGE('',*,*,#1184,.F.);
#1163=ORIENTED_EDGE('',*,*,#1188,.T.);
#1164=EDGE_CURVE('',#1517,#1518,#1744,.T.);
#1165=EDGE_CURVE('',#1517,#1519,#216,.T.);
#1166=EDGE_CURVE('',#1519,#1520,#1745,.T.);
#1167=EDGE_CURVE('',#1518,#1520,#217,.T.);
#1168=EDGE_CURVE('',#1518,#1521,#1746,.T.);
#1169=EDGE_CURVE('',#1521,#1517,#1747,.T.);
#1170=EDGE_CURVE('',#1522,#1523,#1748,.T.);
#1171=EDGE_CURVE('',#1522,#1521,#218,.T.);
#1172=EDGE_CURVE('',#1523,#1518,#219,.T.);
#1173=EDGE_CURVE('',#1524,#1525,#1749,.T.);
#1174=EDGE_CURVE('',#1524,#1517,#220,.T.);
#1175=EDGE_CURVE('',#1525,#1521,#221,.T.);
#1176=EDGE_CURVE('',#1523,#1526,#1750,.T.);
#1177=EDGE_CURVE('',#1526,#1522,#1751,.T.);
#1178=EDGE_CURVE('',#1525,#1527,#1752,.T.);
#1179=EDGE_CURVE('',#1527,#1524,#1753,.T.);
#1180=EDGE_CURVE('',#1528,#1529,#1754,.T.);
#1181=EDGE_CURVE('',#1526,#1529,#222,.T.);
#1182=EDGE_CURVE('',#1523,#1528,#223,.T.);
#1183=EDGE_CURVE('',#1530,#1531,#1755,.T.);
#1184=EDGE_CURVE('',#1530,#1522,#224,.T.);
#1185=EDGE_CURVE('',#1531,#1526,#225,.T.);
#1186=EDGE_CURVE('',#1532,#1530,#1756,.T.);
#1187=EDGE_CURVE('',#1532,#1527,#226,.T.);
#1188=EDGE_CURVE('',#1530,#1525,#227,.T.);
#1189=EDGE_CURVE('',#1533,#1534,#1757,.T.);
#1190=EDGE_CURVE('',#1524,#1534,#228,.T.);
#1191=EDGE_CURVE('',#1527,#1533,#229,.T.);
#1192=EDGE_CURVE('',#1531,#1532,#1758,.T.);
#1193=EDGE_CURVE('',#1531,#1535,#230,.T.);
#1194=EDGE_CURVE('',#1535,#1536,#1759,.T.);
#1195=EDGE_CURVE('',#1532,#1536,#231,.T.);
#1196=EDGE_CURVE('',#1537,#1538,#1760,.T.);
#1197=EDGE_CURVE('',#1537,#1539,#232,.T.);
#1198=EDGE_CURVE('',#1539,#1540,#1761,.T.);
#1199=EDGE_CURVE('',#1538,#1540,#233,.T.);
#1200=EDGE_CURVE('',#1541,#1542,#1762,.T.);
#1201=EDGE_CURVE('',#1542,#1540,#1763,.T.);
#1202=EDGE_CURVE('',#1539,#1541,#1764,.T.);
#1203=EDGE_CURVE('',#1543,#1544,#1765,.T.);
#1204=EDGE_CURVE('',#1541,#1543,#234,.T.);
#1205=EDGE_CURVE('',#1539,#1544,#235,.T.);
#1206=EDGE_CURVE('',#1545,#1546,#1766,.T.);
#1207=EDGE_CURVE('',#1545,#1540,#236,.T.);
#1208=EDGE_CURVE('',#1546,#1542,#237,.T.);
#1209=EDGE_CURVE('',#1547,#1548,#1767,.T.);
#1210=EDGE_CURVE('',#1548,#1543,#1768,.T.);
#1211=EDGE_CURVE('',#1547,#1544,#1769,.T.);
#1212=EDGE_CURVE('',#1549,#1550,#1770,.T.);
#1213=EDGE_CURVE('',#1545,#1550,#1771,.T.);
#1214=EDGE_CURVE('',#1546,#1549,#1772,.T.);
#1215=EDGE_CURVE('',#1551,#1552,#1773,.T.);
#1216=EDGE_CURVE('',#1551,#1547,#238,.T.);
#1217=EDGE_CURVE('',#1552,#1544,#239,.T.);
#1218=EDGE_CURVE('',#1553,#1554,#1774,.T.);
#1219=EDGE_CURVE('',#1553,#1548,#240,.T.);
#1220=EDGE_CURVE('',#1554,#1547,#241,.T.);
#1221=EDGE_CURVE('',#1555,#1556,#1775,.T.);
#1222=EDGE_CURVE('',#1550,#1555,#242,.T.);
#1223=EDGE_CURVE('',#1549,#1556,#243,.T.);
#1224=EDGE_CURVE('',#1557,#1558,#1776,.T.);
#1225=EDGE_CURVE('',#1557,#1545,#244,.T.);
#1226=EDGE_CURVE('',#1558,#1550,#245,.T.);
#1227=EDGE_CURVE('',#1555,#1554,#1777,.T.);
#1228=EDGE_CURVE('',#1556,#1553,#1778,.T.);
#1229=EDGE_CURVE('',#1559,#1554,#246,.T.);
#1230=EDGE_CURVE('',#1560,#1559,#1779,.T.);
#1231=EDGE_CURVE('',#1560,#1555,#247,.T.);
#1232=EDGE_CURVE('',#1561,#1561,#1780,.T.);
#1233=EDGE_CURVE('',#1562,#1562,#1781,.T.);
#1234=EDGE_CURVE('',#1563,#1564,#1782,.T.);
#1235=EDGE_CURVE('',#1564,#1565,#1783,.T.);
#1236=EDGE_CURVE('',#1565,#1566,#1784,.T.);
#1237=EDGE_CURVE('',#1563,#1566,#1785,.T.);
#1238=EDGE_CURVE('',#1567,#1568,#1786,.T.);
#1239=EDGE_CURVE('',#1566,#1568,#248,.T.);
#1240=EDGE_CURVE('',#1565,#1567,#249,.T.);
#1241=EDGE_CURVE('',#1569,#1570,#1787,.T.);
#1242=EDGE_CURVE('',#1564,#1570,#250,.T.);
#1243=EDGE_CURVE('',#1563,#1569,#251,.T.);
#1244=EDGE_CURVE('',#1571,#1572,#1788,.T.);
#1245=EDGE_CURVE('',#1568,#1572,#1789,.T.);
#1246=EDGE_CURVE('',#1567,#1571,#1790,.T.);
#1247=EDGE_CURVE('',#1573,#1574,#1791,.T.);
#1248=EDGE_CURVE('',#1574,#1570,#1792,.T.);
#1249=EDGE_CURVE('',#1573,#1569,#1793,.T.);
#1250=EDGE_CURVE('',#1575,#1576,#1794,.T.);
#1251=EDGE_CURVE('',#1572,#1576,#252,.T.);
#1252=EDGE_CURVE('',#1571,#1575,#253,.T.);
#1253=EDGE_CURVE('',#1577,#1578,#1795,.T.);
#1254=EDGE_CURVE('',#1574,#1578,#254,.T.);
#1255=EDGE_CURVE('',#1573,#1577,#255,.T.);
#1256=EDGE_CURVE('',#1575,#1578,#1796,.T.);
#1257=EDGE_CURVE('',#1576,#1577,#1797,.T.);
#1258=EDGE_CURVE('',#1579,#1580,#55,.T.);
#1259=EDGE_CURVE('',#1580,#1581,#256,.T.);
#1260=EDGE_CURVE('',#1581,#1582,#56,.T.);
#1261=EDGE_CURVE('',#1583,#1582,#1798,.T.);
#1262=EDGE_CURVE('',#1583,#1584,#57,.T.);
#1263=EDGE_CURVE('',#1584,#1585,#58,.T.);
#1264=EDGE_CURVE('',#1585,#1586,#59,.T.);
#1265=EDGE_CURVE('',#1586,#1587,#60,.T.);
#1266=EDGE_CURVE('',#1579,#1587,#1799,.T.);
#1267=EDGE_CURVE('',#1588,#1589,#1800,.T.);
#1268=EDGE_CURVE('',#1590,#1588,#61,.T.);
#1269=EDGE_CURVE('',#1591,#1590,#62,.T.);
#1270=EDGE_CURVE('',#1592,#1591,#63,.T.);
#1271=EDGE_CURVE('',#1593,#1592,#64,.T.);
#1272=EDGE_CURVE('',#1594,#1593,#65,.T.);
#1273=EDGE_CURVE('',#1595,#1594,#66,.T.);
#1274=EDGE_CURVE('',#1596,#1595,#1801,.T.);
#1275=EDGE_CURVE('',#1597,#1596,#1802,.F.);
#1276=EDGE_CURVE('',#1598,#1597,#257,.T.);
#1277=EDGE_CURVE('',#1589,#1598,#1803,.F.);
#1278=EDGE_CURVE('',#1599,#1600,#258,.T.);
#1279=EDGE_CURVE('',#1601,#1599,#67,.T.);
#1280=EDGE_CURVE('',#1601,#1602,#1804,.T.);
#1281=EDGE_CURVE('',#1603,#1602,#68,.T.);
#1282=EDGE_CURVE('',#1604,#1603,#69,.T.);
#1283=EDGE_CURVE('',#1605,#1604,#70,.T.);
#1284=EDGE_CURVE('',#1606,#1605,#71,.T.);
#1285=EDGE_CURVE('',#1606,#1607,#1805,.T.);
#1286=EDGE_CURVE('',#1600,#1607,#72,.T.);
#1287=EDGE_CURVE('',#1608,#1609,#1806,.F.);
#1288=EDGE_CURVE('',#1589,#1608,#73,.F.);
#1289=EDGE_CURVE('',#1598,#1609,#74,.F.);
#1290=EDGE_CURVE('',#1600,#1581,#259,.T.);
#1291=EDGE_CURVE('',#1607,#1582,#260,.T.);
#1292=EDGE_CURVE('',#1606,#1583,#75,.T.);
#1293=EDGE_CURVE('',#1605,#1584,#261,.T.);
#1294=EDGE_CURVE('',#1604,#1585,#262,.T.);
#1295=EDGE_CURVE('',#1603,#1586,#263,.T.);
#1296=EDGE_CURVE('',#1602,#1587,#76,.F.);
#1297=EDGE_CURVE('',#1601,#1579,#264,.T.);
#1298=EDGE_CURVE('',#1599,#1580,#265,.T.);
#1299=EDGE_CURVE('',#1609,#1610,#266,.T.);
#1300=EDGE_CURVE('',#1597,#1610,#77,.T.);
#1301=EDGE_CURVE('',#1610,#1611,#1807,.F.);
#1302=EDGE_CURVE('',#1596,#1611,#78,.T.);
#1303=EDGE_CURVE('',#1611,#1612,#1808,.T.);
#1304=EDGE_CURVE('',#1595,#1612,#79,.T.);
#1305=EDGE_CURVE('',#1612,#1613,#80,.T.);
#1306=EDGE_CURVE('',#1594,#1613,#267,.T.);
#1307=EDGE_CURVE('',#1613,#1614,#81,.T.);
#1308=EDGE_CURVE('',#1593,#1614,#268,.T.);
#1309=EDGE_CURVE('',#1614,#1615,#82,.T.);
#1310=EDGE_CURVE('',#1592,#1615,#269,.T.);
#1311=EDGE_CURVE('',#1615,#1616,#83,.T.);
#1312=EDGE_CURVE('',#1591,#1616,#270,.T.);
#1313=EDGE_CURVE('',#1616,#1617,#84,.T.);
#1314=EDGE_CURVE('',#1590,#1617,#271,.T.);
#1315=EDGE_CURVE('',#1617,#1618,#85,.T.);
#1316=EDGE_CURVE('',#1588,#1618,#86,.F.);
#1317=EDGE_CURVE('',#1618,#1608,#1809,.T.);
#1318=EDGE_CURVE('',#1619,#1620,#87,.T.);
#1319=EDGE_CURVE('',#1621,#1619,#88,.T.);
#1320=EDGE_CURVE('',#1622,#1621,#89,.T.);
#1321=EDGE_CURVE('',#1623,#1622,#90,.T.);
#1322=EDGE_CURVE('',#1623,#1624,#1810,.T.);
#1323=EDGE_CURVE('',#1625,#1624,#91,.T.);
#1324=EDGE_CURVE('',#1626,#1625,#92,.T.);
#1325=EDGE_CURVE('',#1627,#1626,#272,.T.);
#1326=EDGE_CURVE('',#1628,#1627,#1811,.T.);
#1327=EDGE_CURVE('',#1629,#1628,#1812,.T.);
#1328=EDGE_CURVE('',#1630,#1629,#93,.T.);
#1329=EDGE_CURVE('',#1631,#1630,#94,.T.);
#1330=EDGE_CURVE('',#1632,#1631,#95,.T.);
#1331=EDGE_CURVE('',#1633,#1632,#96,.T.);
#1332=EDGE_CURVE('',#1634,#1633,#97,.T.);
#1333=EDGE_CURVE('',#1635,#1634,#98,.T.);
#1334=EDGE_CURVE('',#1636,#1635,#99,.T.);
#1335=EDGE_CURVE('',#1636,#1637,#1813,.T.);
#1336=EDGE_CURVE('',#1638,#1637,#100,.T.);
#1337=EDGE_CURVE('',#1639,#1638,#101,.T.);
#1338=EDGE_CURVE('',#1640,#1639,#273,.T.);
#1339=EDGE_CURVE('',#1641,#1640,#1814,.T.);
#1340=EDGE_CURVE('',#1642,#1641,#1815,.T.);
#1341=EDGE_CURVE('',#1643,#1642,#102,.T.);
#1342=EDGE_CURVE('',#1644,#1643,#103,.T.);
#1343=EDGE_CURVE('',#1645,#1644,#104,.T.);
#1344=EDGE_CURVE('',#1620,#1645,#105,.T.);
#1345=EDGE_CURVE('',#1646,#1647,#106,.T.);
#1346=EDGE_CURVE('',#1620,#1646,#274,.T.);
#1347=EDGE_CURVE('',#1645,#1647,#275,.T.);
#1348=EDGE_CURVE('',#1647,#1648,#107,.T.);
#1349=EDGE_CURVE('',#1644,#1648,#276,.T.);
#1350=EDGE_CURVE('',#1648,#1649,#108,.T.);
#1351=EDGE_CURVE('',#1643,#1649,#277,.T.);
#1352=EDGE_CURVE('',#1649,#1650,#109,.T.);
#1353=EDGE_CURVE('',#1642,#1650,#110,.F.);
#1354=EDGE_CURVE('',#1650,#1651,#1816,.T.);
#1355=EDGE_CURVE('',#1641,#1651,#111,.T.);
#1356=EDGE_CURVE('',#1651,#1652,#1817,.T.);
#1357=EDGE_CURVE('',#1640,#1652,#112,.F.);
#1358=EDGE_CURVE('',#1652,#1653,#278,.T.);
#1359=EDGE_CURVE('',#1639,#1653,#113,.T.);
#1360=EDGE_CURVE('',#1653,#1654,#114,.T.);
#1361=EDGE_CURVE('',#1638,#1654,#279,.T.);
#1362=EDGE_CURVE('',#1654,#1655,#115,.T.);
#1363=EDGE_CURVE('',#1637,#1655,#116,.F.);
#1364=EDGE_CURVE('',#1656,#1655,#1818,.T.);
#1365=EDGE_CURVE('',#1636,#1656,#117,.T.);
#1366=EDGE_CURVE('',#1656,#1657,#118,.T.);
#1367=EDGE_CURVE('',#1635,#1657,#280,.T.);
#1368=EDGE_CURVE('',#1657,#1658,#119,.T.);
#1369=EDGE_CURVE('',#1634,#1658,#281,.T.);
#1370=EDGE_CURVE('',#1658,#1659,#120,.T.);
#1371=EDGE_CURVE('',#1633,#1659,#282,.T.);
#1372=EDGE_CURVE('',#1659,#1660,#121,.T.);
#1373=EDGE_CURVE('',#1632,#1660,#283,.T.);
#1374=EDGE_CURVE('',#1660,#1661,#122,.T.);
#1375=EDGE_CURVE('',#1631,#1661,#284,.T.);
#1376=EDGE_CURVE('',#1661,#1662,#123,.T.);
#1377=EDGE_CURVE('',#1630,#1662,#285,.T.);
#1378=EDGE_CURVE('',#1662,#1663,#124,.T.);
#1379=EDGE_CURVE('',#1629,#1663,#125,.F.);
#1380=EDGE_CURVE('',#1663,#1664,#1819,.T.);
#1381=EDGE_CURVE('',#1628,#1664,#126,.T.);
#1382=EDGE_CURVE('',#1664,#1665,#1820,.T.);
#1383=EDGE_CURVE('',#1627,#1665,#127,.F.);
#1384=EDGE_CURVE('',#1665,#1666,#286,.T.);
#1385=EDGE_CURVE('',#1626,#1666,#128,.T.);
#1386=EDGE_CURVE('',#1666,#1667,#129,.T.);
#1387=EDGE_CURVE('',#1625,#1667,#287,.T.);
#1388=EDGE_CURVE('',#1667,#1668,#130,.T.);
#1389=EDGE_CURVE('',#1624,#1668,#131,.F.);
#1390=EDGE_CURVE('',#1669,#1668,#1821,.T.);
#1391=EDGE_CURVE('',#1623,#1669,#132,.T.);
#1392=EDGE_CURVE('',#1669,#1670,#133,.T.);
#1393=EDGE_CURVE('',#1622,#1670,#288,.T.);
#1394=EDGE_CURVE('',#1670,#1671,#134,.T.);
#1395=EDGE_CURVE('',#1621,#1671,#289,.T.);
#1396=EDGE_CURVE('',#1671,#1672,#135,.T.);
#1397=EDGE_CURVE('',#1619,#1672,#290,.T.);
#1398=EDGE_CURVE('',#1672,#1646,#136,.T.);
#1399=EDGE_CURVE('',#1673,#1674,#137,.T.);
#1400=EDGE_CURVE('',#1675,#1673,#138,.T.);
#1401=EDGE_CURVE('',#1676,#1675,#1822,.T.);
#1402=EDGE_CURVE('',#1677,#1676,#1823,.F.);
#1403=EDGE_CURVE('',#1678,#1677,#291,.T.);
#1404=EDGE_CURVE('',#1679,#1678,#1824,.F.);
#1405=EDGE_CURVE('',#1680,#1679,#1825,.F.);
#1406=EDGE_CURVE('',#1681,#1680,#292,.T.);
#1407=EDGE_CURVE('',#1682,#1681,#1826,.F.);
#1408=EDGE_CURVE('',#1683,#1682,#1827,.T.);
#1409=EDGE_CURVE('',#1684,#1683,#1828,.T.);
#1410=EDGE_CURVE('',#1685,#1684,#1829,.F.);
#1411=EDGE_CURVE('',#1686,#1685,#293,.T.);
#1412=EDGE_CURVE('',#1687,#1686,#139,.T.);
#1413=EDGE_CURVE('',#1688,#1687,#294,.T.);
#1414=EDGE_CURVE('',#1689,#1688,#140,.T.);
#1415=EDGE_CURVE('',#1689,#1690,#1830,.T.);
#1416=EDGE_CURVE('',#1691,#1690,#141,.T.);
#1417=EDGE_CURVE('',#1692,#1691,#142,.T.);
#1418=EDGE_CURVE('',#1693,#1692,#143,.T.);
#1419=EDGE_CURVE('',#1694,#1693,#144,.T.);
#1420=EDGE_CURVE('',#1694,#1695,#1831,.T.);
#1421=EDGE_CURVE('',#1696,#1695,#1832,.T.);
#1422=EDGE_CURVE('',#1697,#1696,#1833,.F.);
#1423=EDGE_CURVE('',#1698,#1697,#295,.T.);
#1424=EDGE_CURVE('',#1699,#1698,#1834,.F.);
#1425=EDGE_CURVE('',#1700,#1699,#1835,.T.);
#1426=EDGE_CURVE('',#1701,#1700,#145,.T.);
#1427=EDGE_CURVE('',#1702,#1701,#146,.T.);
#1428=EDGE_CURVE('',#1703,#1702,#147,.T.);
#1429=EDGE_CURVE('',#1674,#1703,#148,.T.);
#1430=EDGE_CURVE('',#1704,#1705,#149,.T.);
#1431=EDGE_CURVE('',#1674,#1704,#296,.T.);
#1432=EDGE_CURVE('',#1703,#1705,#297,.T.);
#1433=EDGE_CURVE('',#1705,#1706,#150,.T.);
#1434=EDGE_CURVE('',#1702,#1706,#298,.T.);
#1435=EDGE_CURVE('',#1706,#1707,#151,.T.);
#1436=EDGE_CURVE('',#1701,#1707,#299,.T.);
#1437=EDGE_CURVE('',#1707,#1708,#152,.T.);
#1438=EDGE_CURVE('',#1700,#1708,#153,.F.);
#1439=EDGE_CURVE('',#1708,#1709,#1836,.T.);
#1440=EDGE_CURVE('',#1699,#1709,#154,.T.);
#1441=EDGE_CURVE('',#1709,#1710,#1837,.F.);
#1442=EDGE_CURVE('',#1698,#1710,#300,.T.);
#1443=EDGE_CURVE('',#1710,#1711,#301,.T.);
#1444=EDGE_CURVE('',#1697,#1711,#155,.T.);
#1445=EDGE_CURVE('',#1711,#1712,#1838,.F.);
#1446=EDGE_CURVE('',#1696,#1712,#302,.T.);
#1447=EDGE_CURVE('',#1712,#1713,#1839,.T.);
#1448=EDGE_CURVE('',#1695,#1713,#156,.T.);
#1449=EDGE_CURVE('',#1714,#1713,#1840,.T.);
#1450=EDGE_CURVE('',#1694,#1714,#157,.T.);
#1451=EDGE_CURVE('',#1714,#1715,#158,.T.);
#1452=EDGE_CURVE('',#1693,#1715,#303,.T.);
#1453=EDGE_CURVE('',#1715,#1716,#159,.T.);
#1454=EDGE_CURVE('',#1692,#1716,#304,.T.);
#1455=EDGE_CURVE('',#1716,#1717,#160,.T.);
#1456=EDGE_CURVE('',#1691,#1717,#305,.T.);
#1457=EDGE_CURVE('',#1717,#1718,#161,.T.);
#1458=EDGE_CURVE('',#1690,#1718,#162,.F.);
#1459=EDGE_CURVE('',#1719,#1718,#1841,.T.);
#1460=EDGE_CURVE('',#1689,#1719,#163,.T.);
#1461=EDGE_CURVE('',#1719,#1720,#164,.T.);
#1462=EDGE_CURVE('',#1688,#1720,#306,.T.);
#1463=EDGE_CURVE('',#1720,#1721,#307,.T.);
#1464=EDGE_CURVE('',#1687,#1721,#308,.T.);
#1465=EDGE_CURVE('',#1721,#1722,#165,.T.);
#1466=EDGE_CURVE('',#1686,#1722,#309,.T.);
#1467=EDGE_CURVE('',#1722,#1723,#310,.T.);
#1468=EDGE_CURVE('',#1685,#1723,#166,.T.);
#1469=EDGE_CURVE('',#1723,#1724,#1842,.F.);
#1470=EDGE_CURVE('',#1684,#1724,#167,.T.);
#1471=EDGE_CURVE('',#1724,#1725,#1843,.T.);
#1472=EDGE_CURVE('',#1683,#1725,#168,.T.);
#1473=EDGE_CURVE('',#1725,#1726,#1844,.T.);
#1474=EDGE_CURVE('',#1682,#1726,#169,.T.);
#1475=EDGE_CURVE('',#1726,#1727,#1845,.F.);
#1476=EDGE_CURVE('',#1681,#1727,#170,.F.);
#1477=EDGE_CURVE('',#1727,#1728,#311,.T.);
#1478=EDGE_CURVE('',#1680,#1728,#312,.T.);
#1479=EDGE_CURVE('',#1728,#1729,#1846,.F.);
#1480=EDGE_CURVE('',#1679,#1729,#313,.T.);
#1481=EDGE_CURVE('',#1729,#1730,#1847,.F.);
#1482=EDGE_CURVE('',#1678,#1730,#314,.T.);
#1483=EDGE_CURVE('',#1730,#1731,#315,.T.);
#1484=EDGE_CURVE('',#1677,#1731,#171,.T.);
#1485=EDGE_CURVE('',#1731,#1732,#1848,.F.);
#1486=EDGE_CURVE('',#1676,#1732,#172,.T.);
#1487=EDGE_CURVE('',#1732,#1733,#1849,.T.);
#1488=EDGE_CURVE('',#1675,#1733,#173,.T.);
#1489=EDGE_CURVE('',#1733,#1734,#174,.T.);
#1490=EDGE_CURVE('',#1673,#1734,#316,.T.);
#1491=EDGE_CURVE('',#1734,#1704,#175,.T.);
#1492=EDGE_CURVE('',#1735,#1735,#1850,.T.);
#1493=EDGE_CURVE('',#1537,#1552,#317,.T.);
#1494=EDGE_CURVE('',#1559,#1551,#318,.T.);
#1495=EDGE_CURVE('',#1558,#1560,#319,.T.);
#1496=EDGE_CURVE('',#1557,#1538,#320,.T.);
#1497=EDGE_CURVE('',#1736,#1563,#321,.T.);
#1498=EDGE_CURVE('',#1737,#1566,#322,.T.);
#1499=EDGE_CURVE('',#1736,#1737,#1851,.T.);
#1500=EDGE_CURVE('',#1738,#1573,#323,.T.);
#1501=EDGE_CURVE('',#1739,#1569,#324,.T.);
#1502=EDGE_CURVE('',#1738,#1739,#1852,.T.);
#1503=EDGE_CURVE('',#1740,#1576,#325,.T.);
#1504=EDGE_CURVE('',#1741,#1577,#326,.T.);
#1505=EDGE_CURVE('',#1740,#1741,#1853,.T.);
#1506=EDGE_CURVE('',#1742,#1568,#327,.T.);
#1507=EDGE_CURVE('',#1743,#1572,#328,.T.);
#1508=EDGE_CURVE('',#1742,#1743,#1854,.T.);
#1509=EDGE_CURVE('',#1737,#1742,#329,.T.);
#1510=EDGE_CURVE('',#1743,#1740,#330,.T.);
#1511=EDGE_CURVE('',#1738,#1741,#331,.T.);
#1512=EDGE_CURVE('',#1736,#1739,#332,.T.);
#1513=EDGE_CURVE('',#1528,#1520,#333,.T.);
#1514=EDGE_CURVE('',#1534,#1519,#334,.T.);
#1515=EDGE_CURVE('',#1536,#1533,#335,.T.);
#1516=EDGE_CURVE('',#1535,#1529,#336,.T.);
#1517=VERTEX_POINT('',#3077);
#1518=VERTEX_POINT('',#3078);
#1519=VERTEX_POINT('',#3080);
#1520=VERTEX_POINT('',#3082);
#1521=VERTEX_POINT('',#3086);
#1522=VERTEX_POINT('',#3090);
#1523=VERTEX_POINT('',#3091);
#1524=VERTEX_POINT('',#3096);
#1525=VERTEX_POINT('',#3097);
#1526=VERTEX_POINT('',#3102);
#1527=VERTEX_POINT('',#3106);
#1528=VERTEX_POINT('',#3110);
#1529=VERTEX_POINT('',#3111);
#1530=VERTEX_POINT('',#3116);
#1531=VERTEX_POINT('',#3117);
#1532=VERTEX_POINT('',#3122);
#1533=VERTEX_POINT('',#3127);
#1534=VERTEX_POINT('',#3128);
#1535=VERTEX_POINT('',#3135);
#1536=VERTEX_POINT('',#3137);
#1537=VERTEX_POINT('',#3141);
#1538=VERTEX_POINT('',#3142);
#1539=VERTEX_POINT('',#3144);
#1540=VERTEX_POINT('',#3146);
#1541=VERTEX_POINT('',#3150);
#1542=VERTEX_POINT('',#3151);
#1543=VERTEX_POINT('',#3156);
#1544=VERTEX_POINT('',#3157);
#1545=VERTEX_POINT('',#3162);
#1546=VERTEX_POINT('',#3163);
#1547=VERTEX_POINT('',#3168);
#1548=VERTEX_POINT('',#3169);
#1549=VERTEX_POINT('',#3174);
#1550=VERTEX_POINT('',#3175);
#1551=VERTEX_POINT('',#3180);
#1552=VERTEX_POINT('',#3181);
#1553=VERTEX_POINT('',#3186);
#1554=VERTEX_POINT('',#3187);
#1555=VERTEX_POINT('',#3192);
#1556=VERTEX_POINT('',#3193);
#1557=VERTEX_POINT('',#3198);
#1558=VERTEX_POINT('',#3199);
#1559=VERTEX_POINT('',#3207);
#1560=VERTEX_POINT('',#3209);
#1561=VERTEX_POINT('',#3213);
#1562=VERTEX_POINT('',#3215);
#1563=VERTEX_POINT('',#3218);
#1564=VERTEX_POINT('',#3219);
#1565=VERTEX_POINT('',#3221);
#1566=VERTEX_POINT('',#3223);
#1567=VERTEX_POINT('',#3227);
#1568=VERTEX_POINT('',#3228);
#1569=VERTEX_POINT('',#3233);
#1570=VERTEX_POINT('',#3234);
#1571=VERTEX_POINT('',#3239);
#1572=VERTEX_POINT('',#3240);
#1573=VERTEX_POINT('',#3245);
#1574=VERTEX_POINT('',#3246);
#1575=VERTEX_POINT('',#3251);
#1576=VERTEX_POINT('',#3252);
#1577=VERTEX_POINT('',#3257);
#1578=VERTEX_POINT('',#3258);
#1579=VERTEX_POINT('',#3268);
#1580=VERTEX_POINT('',#3269);
#1581=VERTEX_POINT('',#3271);
#1582=VERTEX_POINT('',#3275);
#1583=VERTEX_POINT('',#3277);
#1584=VERTEX_POINT('',#3281);
#1585=VERTEX_POINT('',#3285);
#1586=VERTEX_POINT('',#3289);
#1587=VERTEX_POINT('',#3293);
#1588=VERTEX_POINT('',#3297);
#1589=VERTEX_POINT('',#3298);
#1590=VERTEX_POINT('',#3302);
#1591=VERTEX_POINT('',#3306);
#1592=VERTEX_POINT('',#3310);
#1593=VERTEX_POINT('',#3314);
#1594=VERTEX_POINT('',#3318);
#1595=VERTEX_POINT('',#3324);
#1596=VERTEX_POINT('',#3326);
#1597=VERTEX_POINT('',#3328);
#1598=VERTEX_POINT('',#3330);
#1599=VERTEX_POINT('',#3333);
#1600=VERTEX_POINT('',#3334);
#1601=VERTEX_POINT('',#3338);
#1602=VERTEX_POINT('',#3340);
#1603=VERTEX_POINT('',#3344);
#1604=VERTEX_POINT('',#3348);
#1605=VERTEX_POINT('',#3352);
#1606=VERTEX_POINT('',#3356);
#1607=VERTEX_POINT('',#3358);
#1608=VERTEX_POINT('',#3364);
#1609=VERTEX_POINT('',#3365);
#1610=VERTEX_POINT('',#3442);
#1611=VERTEX_POINT('',#3449);
#1612=VERTEX_POINT('',#3456);
#1613=VERTEX_POINT('',#3474);
#1614=VERTEX_POINT('',#3487);
#1615=VERTEX_POINT('',#3500);
#1616=VERTEX_POINT('',#3513);
#1617=VERTEX_POINT('',#3526);
#1618=VERTEX_POINT('',#3539);
#1619=VERTEX_POINT('',#3550);
#1620=VERTEX_POINT('',#3551);
#1621=VERTEX_POINT('',#3555);
#1622=VERTEX_POINT('',#3559);
#1623=VERTEX_POINT('',#3563);
#1624=VERTEX_POINT('',#3565);
#1625=VERTEX_POINT('',#3569);
#1626=VERTEX_POINT('',#3573);
#1627=VERTEX_POINT('',#3575);
#1628=VERTEX_POINT('',#3577);
#1629=VERTEX_POINT('',#3579);
#1630=VERTEX_POINT('',#3583);
#1631=VERTEX_POINT('',#3587);
#1632=VERTEX_POINT('',#3591);
#1633=VERTEX_POINT('',#3595);
#1634=VERTEX_POINT('',#3599);
#1635=VERTEX_POINT('',#3603);
#1636=VERTEX_POINT('',#3607);
#1637=VERTEX_POINT('',#3609);
#1638=VERTEX_POINT('',#3613);
#1639=VERTEX_POINT('',#3617);
#1640=VERTEX_POINT('',#3619);
#1641=VERTEX_POINT('',#3621);
#1642=VERTEX_POINT('',#3623);
#1643=VERTEX_POINT('',#3627);
#1644=VERTEX_POINT('',#3631);
#1645=VERTEX_POINT('',#3635);
#1646=VERTEX_POINT('',#3650);
#1647=VERTEX_POINT('',#3651);
#1648=VERTEX_POINT('',#3665);
#1649=VERTEX_POINT('',#3678);
#1650=VERTEX_POINT('',#3691);
#1651=VERTEX_POINT('',#3698);
#1652=VERTEX_POINT('',#3705);
#1653=VERTEX_POINT('',#3712);
#1654=VERTEX_POINT('',#3728);
#1655=VERTEX_POINT('',#3741);
#1656=VERTEX_POINT('',#3748);
#1657=VERTEX_POINT('',#3764);
#1658=VERTEX_POINT('',#3777);
#1659=VERTEX_POINT('',#3790);
#1660=VERTEX_POINT('',#3803);
#1661=VERTEX_POINT('',#3816);
#1662=VERTEX_POINT('',#3829);
#1663=VERTEX_POINT('',#3842);
#1664=VERTEX_POINT('',#3849);
#1665=VERTEX_POINT('',#3856);
#1666=VERTEX_POINT('',#3863);
#1667=VERTEX_POINT('',#3879);
#1668=VERTEX_POINT('',#3892);
#1669=VERTEX_POINT('',#3899);
#1670=VERTEX_POINT('',#3915);
#1671=VERTEX_POINT('',#3928);
#1672=VERTEX_POINT('',#3941);
#1673=VERTEX_POINT('',#3958);
#1674=VERTEX_POINT('',#3959);
#1675=VERTEX_POINT('',#3963);
#1676=VERTEX_POINT('',#3965);
#1677=VERTEX_POINT('',#3967);
#1678=VERTEX_POINT('',#3969);
#1679=VERTEX_POINT('',#3971);
#1680=VERTEX_POINT('',#3973);
#1681=VERTEX_POINT('',#3975);
#1682=VERTEX_POINT('',#3977);
#1683=VERTEX_POINT('',#3979);
#1684=VERTEX_POINT('',#3981);
#1685=VERTEX_POINT('',#3983);
#1686=VERTEX_POINT('',#3985);
#1687=VERTEX_POINT('',#3989);
#1688=VERTEX_POINT('',#3991);
#1689=VERTEX_POINT('',#3995);
#1690=VERTEX_POINT('',#3997);
#1691=VERTEX_POINT('',#4001);
#1692=VERTEX_POINT('',#4005);
#1693=VERTEX_POINT('',#4009);
#1694=VERTEX_POINT('',#4013);
#1695=VERTEX_POINT('',#4015);
#1696=VERTEX_POINT('',#4017);
#1697=VERTEX_POINT('',#4019);
#1698=VERTEX_POINT('',#4021);
#1699=VERTEX_POINT('',#4023);
#1700=VERTEX_POINT('',#4025);
#1701=VERTEX_POINT('',#4029);
#1702=VERTEX_POINT('',#4033);
#1703=VERTEX_POINT('',#4037);
#1704=VERTEX_POINT('',#4052);
#1705=VERTEX_POINT('',#4053);
#1706=VERTEX_POINT('',#4067);
#1707=VERTEX_POINT('',#4080);
#1708=VERTEX_POINT('',#4093);
#1709=VERTEX_POINT('',#4100);
#1710=VERTEX_POINT('',#4107);
#1711=VERTEX_POINT('',#4111);
#1712=VERTEX_POINT('',#4118);
#1713=VERTEX_POINT('',#4122);
#1714=VERTEX_POINT('',#4129);
#1715=VERTEX_POINT('',#4145);
#1716=VERTEX_POINT('',#4158);
#1717=VERTEX_POINT('',#4171);
#1718=VERTEX_POINT('',#4184);
#1719=VERTEX_POINT('',#4191);
#1720=VERTEX_POINT('',#4207);
#1721=VERTEX_POINT('',#4211);
#1722=VERTEX_POINT('',#4224);
#1723=VERTEX_POINT('',#4228);
#1724=VERTEX_POINT('',#4235);
#1725=VERTEX_POINT('',#4242);
#1726=VERTEX_POINT('',#4249);
#1727=VERTEX_POINT('',#4256);
#1728=VERTEX_POINT('',#4263);
#1729=VERTEX_POINT('',#4267);
#1730=VERTEX_POINT('',#4271);
#1731=VERTEX_POINT('',#4275);
#1732=VERTEX_POINT('',#4282);
#1733=VERTEX_POINT('',#4289);
#1734=VERTEX_POINT('',#4305);
#1735=VERTEX_POINT('',#4320);
#1736=VERTEX_POINT('',#4331);
#1737=VERTEX_POINT('',#4333);
#1738=VERTEX_POINT('',#4337);
#1739=VERTEX_POINT('',#4339);
#1740=VERTEX_POINT('',#4343);
#1741=VERTEX_POINT('',#4345);
#1742=VERTEX_POINT('',#4349);
#1743=VERTEX_POINT('',#4351);
#1744=CIRCLE('',#2346,0.001);
#1745=CIRCLE('',#2347,0.001);
#1746=CIRCLE('',#2349,0.001);
#1747=CIRCLE('',#2350,0.001);
#1748=CIRCLE('',#2352,0.001);
#1749=CIRCLE('',#2354,0.001);
#1750=CIRCLE('',#2356,0.001);
#1751=CIRCLE('',#2357,0.001);
#1752=CIRCLE('',#2359,0.001);
#1753=CIRCLE('',#2360,0.001);
#1754=CIRCLE('',#2362,0.001);
#1755=CIRCLE('',#2364,0.001);
#1756=CIRCLE('',#2366,0.001);
#1757=CIRCLE('',#2368,0.001);
#1758=CIRCLE('',#2370,0.001);
#1759=CIRCLE('',#2372,0.001);
#1760=CIRCLE('',#2374,0.001);
#1761=CIRCLE('',#2375,0.001);
#1762=CIRCLE('',#2377,0.002);
#1763=CIRCLE('',#2378,0.001);
#1764=CIRCLE('',#2379,0.001);
#1765=CIRCLE('',#2381,0.001);
#1766=CIRCLE('',#2383,0.001);
#1767=CIRCLE('',#2385,0.001);
#1768=CIRCLE('',#2386,0.002);
#1769=CIRCLE('',#2387,0.001);
#1770=CIRCLE('',#2389,0.001);
#1771=CIRCLE('',#2390,0.001);
#1772=CIRCLE('',#2391,0.002);
#1773=CIRCLE('',#2393,0.001);
#1774=CIRCLE('',#2395,0.001);
#1775=CIRCLE('',#2397,0.001);
#1776=CIRCLE('',#2399,0.001);
#1777=CIRCLE('',#2401,0.001);
#1778=CIRCLE('',#2402,0.002);
#1779=CIRCLE('',#2404,0.001);
#1780=CIRCLE('',#2406,0.00325);
#1781=CIRCLE('',#2407,0.00425);
#1782=CIRCLE('',#2409,0.001);
#1783=CIRCLE('',#2410,0.002);
#1784=CIRCLE('',#2411,0.001);
#1785=CIRCLE('',#2412,0.001);
#1786=CIRCLE('',#2414,0.001);
#1787=CIRCLE('',#2416,0.001);
#1788=CIRCLE('',#2418,0.001);
#1789=CIRCLE('',#2419,0.001);
#1790=CIRCLE('',#2420,0.002);
#1791=CIRCLE('',#2422,0.001);
#1792=CIRCLE('',#2423,0.002);
#1793=CIRCLE('',#2424,0.001);
#1794=CIRCLE('',#2426,0.001);
#1795=CIRCLE('',#2428,0.001);
#1796=CIRCLE('',#2430,0.002);
#1797=CIRCLE('',#2431,0.001);
#1798=CIRCLE('',#2433,0.00580073102317329);
#1799=CIRCLE('',#2434,0.00580073102317265);
#1800=CIRCLE('',#2436,0.000912884315279168);
#1801=CIRCLE('',#2437,0.000912884315260164);
#1802=CIRCLE('',#2438,0.000956014686431827);
#1803=CIRCLE('',#2439,0.000956014686431927);
#1804=CIRCLE('',#2440,0.00580073102317265);
#1805=CIRCLE('',#2441,0.00580073102317329);
#1806=CIRCLE('',#2443,0.000956014686431927);
#1807=CIRCLE('',#2449,0.000956014686431827);
#1808=CIRCLE('',#2451,0.000912884315260164);
#1809=CIRCLE('',#2453,0.000912884315279168);
#1810=CIRCLE('',#2455,0.00454826157022046);
#1811=CIRCLE('',#2456,0.00135677543965394);
#1812=CIRCLE('',#2457,0.00108594211105089);
#1813=CIRCLE('',#2458,0.00623382862378582);
#1814=CIRCLE('',#2459,0.00123511885809087);
#1815=CIRCLE('',#2460,0.00101262613631029);
#1816=CIRCLE('',#2462,0.00101262613631029);
#1817=CIRCLE('',#2464,0.00123511885809087);
#1818=CIRCLE('',#2467,0.00623382862378582);
#1819=CIRCLE('',#2469,0.00108594211105089);
#1820=CIRCLE('',#2471,0.00135677543965394);
#1821=CIRCLE('',#2474,0.00454826157022046);
#1822=CIRCLE('',#2476,0.0010593662982544);
#1823=CIRCLE('',#2477,0.00116871056441895);
#1824=CIRCLE('',#2478,0.000810624203262708);
#1825=CIRCLE('',#2479,0.00080808404470755);
#1826=CIRCLE('',#2480,0.000759179965101415);
#1827=CIRCLE('',#2481,0.000770042798999153);
#1828=CIRCLE('',#2482,0.000757233802864242);
#1829=CIRCLE('',#2483,0.000757233802864162);
#1830=CIRCLE('',#2484,0.00455875544877522);
#1831=CIRCLE('',#2485,0.00798252027322873);
#1832=CIRCLE('',#2486,0.00063689436490545);
#1833=CIRCLE('',#2487,0.000603574151902678);
#1834=CIRCLE('',#2488,0.00100628767899002);
#1835=CIRCLE('',#2489,0.000953197310487687);
#1836=CIRCLE('',#2491,0.000953197310487687);
#1837=CIRCLE('',#2493,0.00100628767899002);
#1838=CIRCLE('',#2496,0.000603574151902678);
#1839=CIRCLE('',#2498,0.00063689436490545);
#1840=CIRCLE('',#2500,0.00798252027322873);
#1841=CIRCLE('',#2502,0.00455875544877522);
#1842=CIRCLE('',#2506,0.000757233802864162);
#1843=CIRCLE('',#2508,0.000757233802864242);
#1844=CIRCLE('',#2510,0.000770042798999153);
#1845=CIRCLE('',#2512,0.000759179965101415);
#1846=CIRCLE('',#2515,0.00080808404470755);
#1847=CIRCLE('',#2517,0.000810624203262708);
#1848=CIRCLE('',#2520,0.00116871056441895);
#1849=CIRCLE('',#2522,0.0010593662982544);
#1850=CIRCLE('',#2524,0.00325);
#1851=CIRCLE('',#2530,0.001);
#1852=CIRCLE('',#2532,0.001);
#1853=CIRCLE('',#2534,0.001);
#1854=CIRCLE('',#2536,0.001);
#1855=EDGE_LOOP('',(#458,#459,#460,#461));
#1856=EDGE_LOOP('',(#462,#463,#464));
#1857=EDGE_LOOP('',(#465,#466,#467,#468));
#1858=EDGE_LOOP('',(#469,#470,#471,#472));
#1859=EDGE_LOOP('',(#473,#474,#475));
#1860=EDGE_LOOP('',(#476,#477,#478));
#1861=EDGE_LOOP('',(#479,#480,#481,#482));
#1862=EDGE_LOOP('',(#483,#484,#485,#486));
#1863=EDGE_LOOP('',(#487,#488,#489,#490));
#1864=EDGE_LOOP('',(#491,#492,#493,#494));
#1865=EDGE_LOOP('',(#495,#496,#497));
#1866=EDGE_LOOP('',(#498,#499,#500,#501));
#1867=EDGE_LOOP('',(#502,#503,#504,#505));
#1868=EDGE_LOOP('',(#506,#507,#508,#509));
#1869=EDGE_LOOP('',(#510,#511,#512,#513));
#1870=EDGE_LOOP('',(#514,#515,#516,#517));
#1871=EDGE_LOOP('',(#518,#519,#520,#521));
#1872=EDGE_LOOP('',(#522,#523,#524,#525));
#1873=EDGE_LOOP('',(#526,#527,#528,#529));
#1874=EDGE_LOOP('',(#530,#531,#532,#533));
#1875=EDGE_LOOP('',(#534,#535,#536,#537));
#1876=EDGE_LOOP('',(#538,#539,#540,#541));
#1877=EDGE_LOOP('',(#542,#543,#544,#545));
#1878=EDGE_LOOP('',(#546,#547,#548,#549));
#1879=EDGE_LOOP('',(#550));
#1880=EDGE_LOOP('',(#551));
#1881=EDGE_LOOP('',(#552,#553,#554,#555));
#1882=EDGE_LOOP('',(#556,#557,#558,#559));
#1883=EDGE_LOOP('',(#560,#561,#562,#563));
#1884=EDGE_LOOP('',(#564,#565,#566,#567));
#1885=EDGE_LOOP('',(#568,#569,#570,#571));
#1886=EDGE_LOOP('',(#572,#573,#574,#575));
#1887=EDGE_LOOP('',(#576,#577,#578,#579));
#1888=EDGE_LOOP('',(#580,#581,#582,#583));
#1889=EDGE_LOOP('',(#584,#585,#586,#587,#588,#589,#590,#591,#592));
#1890=EDGE_LOOP('',(#593,#594,#595,#596,#597,#598,#599,#600,#601,#602,#603));
#1891=EDGE_LOOP('',(#604,#605,#606,#607,#608,#609,#610,#611,#612));
#1892=EDGE_LOOP('',(#613,#614,#615,#616));
#1893=EDGE_LOOP('',(#617,#618,#619,#620));
#1894=EDGE_LOOP('',(#621,#622,#623,#624));
#1895=EDGE_LOOP('',(#625,#626,#627,#628));
#1896=EDGE_LOOP('',(#629,#630,#631,#632));
#1897=EDGE_LOOP('',(#633,#634,#635,#636));
#1898=EDGE_LOOP('',(#637,#638,#639,#640));
#1899=EDGE_LOOP('',(#641,#642,#643,#644));
#1900=EDGE_LOOP('',(#645,#646,#647,#648));
#1901=EDGE_LOOP('',(#649,#650,#651,#652));
#1902=EDGE_LOOP('',(#653,#654,#655,#656));
#1903=EDGE_LOOP('',(#657,#658,#659,#660));
#1904=EDGE_LOOP('',(#661,#662,#663,#664));
#1905=EDGE_LOOP('',(#665,#666,#667,#668));
#1906=EDGE_LOOP('',(#669,#670,#671,#672));
#1907=EDGE_LOOP('',(#673,#674,#675,#676));
#1908=EDGE_LOOP('',(#677,#678,#679,#680));
#1909=EDGE_LOOP('',(#681,#682,#683,#684));
#1910=EDGE_LOOP('',(#685,#686,#687,#688));
#1911=EDGE_LOOP('',(#689,#690,#691,#692));
#1912=EDGE_LOOP('',(#693,#694,#695,#696,#697,#698,#699,#700,#701,#702,#703,#704,#705,#706,#707,#708,#709,#710,#711,#712,#713,#714,#715,#716,#717,#718,#719));
#1913=EDGE_LOOP('',(#720,#721,#722,#723));
#1914=EDGE_LOOP('',(#724,#725,#726,#727));
#1915=EDGE_LOOP('',(#728,#729,#730,#731));
#1916=EDGE_LOOP('',(#732,#733,#734,#735));
#1917=EDGE_LOOP('',(#736,#737,#738,#739));
#1918=EDGE_LOOP('',(#740,#741,#742,#743));
#1919=EDGE_LOOP('',(#744,#745,#746,#747));
#1920=EDGE_LOOP('',(#748,#749,#750,#751));
#1921=EDGE_LOOP('',(#752,#753,#754,#755));
#1922=EDGE_LOOP('',(#756,#757,#758,#759));
#1923=EDGE_LOOP('',(#760,#761,#762,#763));
#1924=EDGE_LOOP('',(#764,#765,#766,#767));
#1925=EDGE_LOOP('',(#768,#769,#770,#771));
#1926=EDGE_LOOP('',(#772,#773,#774,#775));
#1927=EDGE_LOOP('',(#776,#777,#778,#779));
#1928=EDGE_LOOP('',(#780,#781,#782,#783));
#1929=EDGE_LOOP('',(#784,#785,#786,#787));
#1930=EDGE_LOOP('',(#788,#789,#790,#791));
#1931=EDGE_LOOP('',(#792,#793,#794,#795));
#1932=EDGE_LOOP('',(#796,#797,#798,#799));
#1933=EDGE_LOOP('',(#800,#801,#802,#803));
#1934=EDGE_LOOP('',(#804,#805,#806,#807));
#1935=EDGE_LOOP('',(#808,#809,#810,#811));
#1936=EDGE_LOOP('',(#812,#813,#814,#815));
#1937=EDGE_LOOP('',(#816,#817,#818,#819));
#1938=EDGE_LOOP('',(#820,#821,#822,#823));
#1939=EDGE_LOOP('',(#824,#825,#826,#827));
#1940=EDGE_LOOP('',(#828,#829,#830,#831,#832,#833,#834,#835,#836,#837,#838,#839,#840,#841,#842,#843,#844,#845,#846,#847,#848,#849,#850,#851,#852,#853,#854,#855,#856,#857,#858));
#1941=EDGE_LOOP('',(#859,#860,#861,#862));
#1942=EDGE_LOOP('',(#863,#864,#865,#866));
#1943=EDGE_LOOP('',(#867,#868,#869,#870));
#1944=EDGE_LOOP('',(#871,#872,#873,#874));
#1945=EDGE_LOOP('',(#875,#876,#877,#878));
#1946=EDGE_LOOP('',(#879,#880,#881,#882));
#1947=EDGE_LOOP('',(#883,#884,#885,#886));
#1948=EDGE_LOOP('',(#887,#888,#889,#890));
#1949=EDGE_LOOP('',(#891,#892,#893,#894));
#1950=EDGE_LOOP('',(#895,#896,#897,#898));
#1951=EDGE_LOOP('',(#899,#900,#901,#902));
#1952=EDGE_LOOP('',(#903,#904,#905,#906));
#1953=EDGE_LOOP('',(#907,#908,#909,#910));
#1954=EDGE_LOOP('',(#911,#912,#913,#914));
#1955=EDGE_LOOP('',(#915,#916,#917,#918));
#1956=EDGE_LOOP('',(#919,#920,#921,#922));
#1957=EDGE_LOOP('',(#923,#924,#925,#926));
#1958=EDGE_LOOP('',(#927,#928,#929,#930));
#1959=EDGE_LOOP('',(#931,#932,#933,#934));
#1960=EDGE_LOOP('',(#935,#936,#937,#938));
#1961=EDGE_LOOP('',(#939,#940,#941,#942));
#1962=EDGE_LOOP('',(#943,#944,#945,#946));
#1963=EDGE_LOOP('',(#947,#948,#949,#950));
#1964=EDGE_LOOP('',(#951,#952,#953,#954));
#1965=EDGE_LOOP('',(#955,#956,#957,#958));
#1966=EDGE_LOOP('',(#959,#960,#961,#962));
#1967=EDGE_LOOP('',(#963,#964,#965,#966));
#1968=EDGE_LOOP('',(#967,#968,#969,#970));
#1969=EDGE_LOOP('',(#971,#972,#973,#974));
#1970=EDGE_LOOP('',(#975,#976,#977,#978));
#1971=EDGE_LOOP('',(#979,#980,#981,#982));
#1972=EDGE_LOOP('',(#983));
#1973=EDGE_LOOP('',(#984));
#1974=EDGE_LOOP('',(#985,#986,#987,#988));
#1975=EDGE_LOOP('',(#989,#990,#991,#992));
#1976=EDGE_LOOP('',(#993,#994,#995,#996));
#1977=EDGE_LOOP('',(#997,#998,#999,#1000));
#1978=EDGE_LOOP('',(#1001,#1002,#1003,#1004));
#1979=EDGE_LOOP('',(#1005,#1006,#1007,#1008));
#1980=EDGE_LOOP('',(#1009,#1010,#1011,#1012));
#1981=EDGE_LOOP('',(#1013,#1014,#1015,#1016));
#1982=EDGE_LOOP('',(#1017,#1018,#1019,#1020));
#1983=EDGE_LOOP('',(#1021,#1022,#1023,#1024));
#1984=EDGE_LOOP('',(#1025,#1026,#1027,#1028));
#1985=EDGE_LOOP('',(#1029,#1030,#1031,#1032));
#1986=EDGE_LOOP('',(#1033,#1034,#1035,#1036));
#1987=EDGE_LOOP('',(#1037,#1038,#1039,#1040));
#1988=EDGE_LOOP('',(#1041,#1042,#1043,#1044));
#1989=EDGE_LOOP('',(#1045,#1046,#1047,#1048));
#1990=EDGE_LOOP('',(#1049,#1050,#1051,#1052,#1053,#1054,#1055,#1056));
#1991=EDGE_LOOP('',(#1057,#1058,#1059,#1060,#1061,#1062,#1063,#1064));
#1992=EDGE_LOOP('',(#1065,#1066,#1067,#1068,#1069,#1070,#1071,#1072));
#1993=EDGE_LOOP('',(#1073));
#1994=EDGE_LOOP('',(#1074,#1075,#1076,#1077,#1078,#1079,#1080,#1081));
#1995=EDGE_LOOP('',(#1082));
#1996=EDGE_LOOP('',(#1083,#1084,#1085,#1086,#1087,#1088,#1089,#1090));
#1997=EDGE_LOOP('',(#1091,#1092,#1093,#1094,#1095,#1096,#1097,#1098,#1099,#1100,#1101,#1102,#1103,#1104,#1105,#1106,#1107,#1108,#1109,#1110,#1111,#1112,#1113,#1114,#1115,#1116,#1117,#1118,#1119,#1120,#1121));
#1998=EDGE_LOOP('',(#1122,#1123,#1124,#1125,#1126,#1127,#1128,#1129,#1130,#1131,#1132,#1133,#1134,#1135,#1136,#1137,#1138,#1139,#1140,#1141,#1142,#1143,#1144,#1145,#1146,#1147,#1148));
#1999=EDGE_LOOP('',(#1149,#1150,#1151,#1152,#1153,#1154,#1155,#1156,#1157,#1158,#1159));
#2000=EDGE_LOOP('',(#1160,#1161,#1162,#1163));
#2001=FACE_BOUND('',#1855,.T.);
#2002=FACE_BOUND('',#1856,.T.);
#2003=FACE_BOUND('',#1857,.T.);
#2004=FACE_BOUND('',#1858,.T.);
#2005=FACE_BOUND('',#1859,.T.);
#2006=FACE_BOUND('',#1860,.T.);
#2007=FACE_BOUND('',#1861,.T.);
#2008=FACE_BOUND('',#1862,.T.);
#2009=FACE_BOUND('',#1863,.T.);
#2010=FACE_BOUND('',#1864,.T.);
#2011=FACE_BOUND('',#1865,.T.);
#2012=FACE_BOUND('',#1866,.T.);
#2013=FACE_BOUND('',#1867,.T.);
#2014=FACE_BOUND('',#1868,.T.);
#2015=FACE_BOUND('',#1869,.T.);
#2016=FACE_BOUND('',#1870,.T.);
#2017=FACE_BOUND('',#1871,.T.);
#2018=FACE_BOUND('',#1872,.T.);
#2019=FACE_BOUND('',#1873,.T.);
#2020=FACE_BOUND('',#1874,.T.);
#2021=FACE_BOUND('',#1875,.T.);
#2022=FACE_BOUND('',#1876,.T.);
#2023=FACE_BOUND('',#1877,.T.);
#2024=FACE_BOUND('',#1878,.T.);
#2025=FACE_BOUND('',#1879,.T.);
#2026=FACE_BOUND('',#1880,.T.);
#2027=FACE_BOUND('',#1881,.T.);
#2028=FACE_BOUND('',#1882,.T.);
#2029=FACE_BOUND('',#1883,.T.);
#2030=FACE_BOUND('',#1884,.T.);
#2031=FACE_BOUND('',#1885,.T.);
#2032=FACE_BOUND('',#1886,.T.);
#2033=FACE_BOUND('',#1887,.T.);
#2034=FACE_BOUND('',#1888,.T.);
#2035=FACE_BOUND('',#1889,.T.);
#2036=FACE_BOUND('',#1890,.T.);
#2037=FACE_BOUND('',#1891,.T.);
#2038=FACE_BOUND('',#1892,.T.);
#2039=FACE_BOUND('',#1893,.T.);
#2040=FACE_BOUND('',#1894,.T.);
#2041=FACE_BOUND('',#1895,.T.);
#2042=FACE_BOUND('',#1896,.T.);
#2043=FACE_BOUND('',#1897,.T.);
#2044=FACE_BOUND('',#1898,.T.);
#2045=FACE_BOUND('',#1899,.T.);
#2046=FACE_BOUND('',#1900,.T.);
#2047=FACE_BOUND('',#1901,.T.);
#2048=FACE_BOUND('',#1902,.T.);
#2049=FACE_BOUND('',#1903,.T.);
#2050=FACE_BOUND('',#1904,.T.);
#2051=FACE_BOUND('',#1905,.T.);
#2052=FACE_BOUND('',#1906,.T.);
#2053=FACE_BOUND('',#1907,.T.);
#2054=FACE_BOUND('',#1908,.T.);
#2055=FACE_BOUND('',#1909,.T.);
#2056=FACE_BOUND('',#1910,.T.);
#2057=FACE_BOUND('',#1911,.T.);
#2058=FACE_BOUND('',#1912,.T.);
#2059=FACE_BOUND('',#1913,.T.);
#2060=FACE_BOUND('',#1914,.T.);
#2061=FACE_BOUND('',#1915,.T.);
#2062=FACE_BOUND('',#1916,.T.);
#2063=FACE_BOUND('',#1917,.T.);
#2064=FACE_BOUND('',#1918,.T.);
#2065=FACE_BOUND('',#1919,.T.);
#2066=FACE_BOUND('',#1920,.T.);
#2067=FACE_BOUND('',#1921,.T.);
#2068=FACE_BOUND('',#1922,.T.);
#2069=FACE_BOUND('',#1923,.T.);
#2070=FACE_BOUND('',#1924,.T.);
#2071=FACE_BOUND('',#1925,.T.);
#2072=FACE_BOUND('',#1926,.T.);
#2073=FACE_BOUND('',#1927,.T.);
#2074=FACE_BOUND('',#1928,.T.);
#2075=FACE_BOUND('',#1929,.T.);
#2076=FACE_BOUND('',#1930,.T.);
#2077=FACE_BOUND('',#1931,.T.);
#2078=FACE_BOUND('',#1932,.T.);
#2079=FACE_BOUND('',#1933,.T.);
#2080=FACE_BOUND('',#1934,.T.);
#2081=FACE_BOUND('',#1935,.T.);
#2082=FACE_BOUND('',#1936,.T.);
#2083=FACE_BOUND('',#1937,.T.);
#2084=FACE_BOUND('',#1938,.T.);
#2085=FACE_BOUND('',#1939,.T.);
#2086=FACE_BOUND('',#1940,.T.);
#2087=FACE_BOUND('',#1941,.T.);
#2088=FACE_BOUND('',#1942,.T.);
#2089=FACE_BOUND('',#1943,.T.);
#2090=FACE_BOUND('',#1944,.T.);
#2091=FACE_BOUND('',#1945,.T.);
#2092=FACE_BOUND('',#1946,.T.);
#2093=FACE_BOUND('',#1947,.T.);
#2094=FACE_BOUND('',#1948,.T.);
#2095=FACE_BOUND('',#1949,.T.);
#2096=FACE_BOUND('',#1950,.T.);
#2097=FACE_BOUND('',#1951,.T.);
#2098=FACE_BOUND('',#1952,.T.);
#2099=FACE_BOUND('',#1953,.T.);
#2100=FACE_BOUND('',#1954,.T.);
#2101=FACE_BOUND('',#1955,.T.);
#2102=FACE_BOUND('',#1956,.T.);
#2103=FACE_BOUND('',#1957,.T.);
#2104=FACE_BOUND('',#1958,.T.);
#2105=FACE_BOUND('',#1959,.T.);
#2106=FACE_BOUND('',#1960,.T.);
#2107=FACE_BOUND('',#1961,.T.);
#2108=FACE_BOUND('',#1962,.T.);
#2109=FACE_BOUND('',#1963,.T.);
#2110=FACE_BOUND('',#1964,.T.);
#2111=FACE_BOUND('',#1965,.T.);
#2112=FACE_BOUND('',#1966,.T.);
#2113=FACE_BOUND('',#1967,.T.);
#2114=FACE_BOUND('',#1968,.T.);
#2115=FACE_BOUND('',#1969,.T.);
#2116=FACE_BOUND('',#1970,.T.);
#2117=FACE_BOUND('',#1971,.T.);
#2118=FACE_BOUND('',#1972,.T.);
#2119=FACE_BOUND('',#1973,.T.);
#2120=FACE_BOUND('',#1974,.T.);
#2121=FACE_BOUND('',#1975,.T.);
#2122=FACE_BOUND('',#1976,.T.);
#2123=FACE_BOUND('',#1977,.T.);
#2124=FACE_BOUND('',#1978,.T.);
#2125=FACE_BOUND('',#1979,.T.);
#2126=FACE_BOUND('',#1980,.T.);
#2127=FACE_BOUND('',#1981,.T.);
#2128=FACE_BOUND('',#1982,.T.);
#2129=FACE_BOUND('',#1983,.T.);
#2130=FACE_BOUND('',#1984,.T.);
#2131=FACE_BOUND('',#1985,.T.);
#2132=FACE_BOUND('',#1986,.T.);
#2133=FACE_BOUND('',#1987,.T.);
#2134=FACE_BOUND('',#1988,.T.);
#2135=FACE_BOUND('',#1989,.T.);
#2136=FACE_BOUND('',#1990,.T.);
#2137=FACE_BOUND('',#1991,.T.);
#2138=FACE_BOUND('',#1992,.T.);
#2139=FACE_BOUND('',#1993,.T.);
#2140=FACE_BOUND('',#1994,.T.);
#2141=FACE_BOUND('',#1995,.T.);
#2142=FACE_BOUND('',#1996,.T.);
#2143=FACE_BOUND('',#1997,.T.);
#2144=FACE_BOUND('',#1998,.T.);
#2145=FACE_BOUND('',#1999,.T.);
#2146=FACE_BOUND('',#2000,.T.);
#2147=CYLINDRICAL_SURFACE('',#2345,0.001);
#2148=CYLINDRICAL_SURFACE('',#2351,0.001);
#2149=CYLINDRICAL_SURFACE('',#2353,0.001);
#2150=CYLINDRICAL_SURFACE('',#2361,0.001);
#2151=CYLINDRICAL_SURFACE('',#2363,0.001);
#2152=CYLINDRICAL_SURFACE('',#2365,0.001);
#2153=CYLINDRICAL_SURFACE('',#2367,0.001);
#2154=CYLINDRICAL_SURFACE('',#2371,0.001);
#2155=CYLINDRICAL_SURFACE('',#2373,0.001);
#2156=CYLINDRICAL_SURFACE('',#2380,0.001);
#2157=CYLINDRICAL_SURFACE('',#2382,0.001);
#2158=CYLINDRICAL_SURFACE('',#2392,0.001);
#2159=CYLINDRICAL_SURFACE('',#2394,0.001);
#2160=CYLINDRICAL_SURFACE('',#2396,0.001);
#2161=CYLINDRICAL_SURFACE('',#2398,0.001);
#2162=CYLINDRICAL_SURFACE('',#2403,0.001);
#2163=CYLINDRICAL_SURFACE('',#2413,0.001);
#2164=CYLINDRICAL_SURFACE('',#2415,0.001);
#2165=CYLINDRICAL_SURFACE('',#2425,0.001);
#2166=CYLINDRICAL_SURFACE('',#2427,0.001);
#2167=CYLINDRICAL_SURFACE('',#2442,0.000956014686431927);
#2168=CYLINDRICAL_SURFACE('',#2444,0.00580073102317329);
#2169=CYLINDRICAL_SURFACE('',#2445,0.00580073102317265);
#2170=CYLINDRICAL_SURFACE('',#2448,0.000956014686431827);
#2171=CYLINDRICAL_SURFACE('',#2450,0.000912884315260164);
#2172=CYLINDRICAL_SURFACE('',#2452,0.000912884315279168);
#2173=CYLINDRICAL_SURFACE('',#2461,0.00101262613631029);
#2174=CYLINDRICAL_SURFACE('',#2463,0.00123511885809087);
#2175=CYLINDRICAL_SURFACE('',#2466,0.00623382862378582);
#2176=CYLINDRICAL_SURFACE('',#2468,0.00108594211105089);
#2177=CYLINDRICAL_SURFACE('',#2470,0.00135677543965394);
#2178=CYLINDRICAL_SURFACE('',#2473,0.00454826157022046);
#2179=CYLINDRICAL_SURFACE('',#2490,0.000953197310487687);
#2180=CYLINDRICAL_SURFACE('',#2492,0.00100628767899002);
#2181=CYLINDRICAL_SURFACE('',#2495,0.000603574151902678);
#2182=CYLINDRICAL_SURFACE('',#2497,0.00063689436490545);
#2183=CYLINDRICAL_SURFACE('',#2499,0.00798252027322873);
#2184=CYLINDRICAL_SURFACE('',#2501,0.00455875544877522);
#2185=CYLINDRICAL_SURFACE('',#2505,0.000757233802864162);
#2186=CYLINDRICAL_SURFACE('',#2507,0.000757233802864242);
#2187=CYLINDRICAL_SURFACE('',#2509,0.000770042798999153);
#2188=CYLINDRICAL_SURFACE('',#2511,0.000759179965101415);
#2189=CYLINDRICAL_SURFACE('',#2514,0.00080808404470755);
#2190=CYLINDRICAL_SURFACE('',#2516,0.000810624203262708);
#2191=CYLINDRICAL_SURFACE('',#2519,0.00116871056441895);
#2192=CYLINDRICAL_SURFACE('',#2521,0.0010593662982544);
#2193=CYLINDRICAL_SURFACE('',#2523,0.00325);
#2194=CYLINDRICAL_SURFACE('',#2529,0.001);
#2195=CYLINDRICAL_SURFACE('',#2531,0.001);
#2196=CYLINDRICAL_SURFACE('',#2533,0.001);
#2197=CYLINDRICAL_SURFACE('',#2535,0.001);
#2198=ADVANCED_FACE('',(#2001),#2147,.T.);
#2199=ADVANCED_FACE('',(#2002),#212,.T.);
#2200=ADVANCED_FACE('',(#2003),#2148,.T.);
#2201=ADVANCED_FACE('',(#2004),#2149,.T.);
#2202=ADVANCED_FACE('',(#2005),#213,.T.);
#2203=ADVANCED_FACE('',(#2006),#214,.T.);
#2204=ADVANCED_FACE('',(#2007),#2150,.T.);
#2205=ADVANCED_FACE('',(#2008),#2151,.T.);
#2206=ADVANCED_FACE('',(#2009),#2152,.T.);
#2207=ADVANCED_FACE('',(#2010),#2153,.T.);
#2208=ADVANCED_FACE('',(#2011),#215,.T.);
#2209=ADVANCED_FACE('',(#2012),#2154,.T.);
#2210=ADVANCED_FACE('',(#2013),#2155,.F.);
#2211=ADVANCED_FACE('',(#2014),#203,.T.);
#2212=ADVANCED_FACE('',(#2015),#2156,.T.);
#2213=ADVANCED_FACE('',(#2016),#2157,.T.);
#2214=ADVANCED_FACE('',(#2017),#204,.T.);
#2215=ADVANCED_FACE('',(#2018),#205,.T.);
#2216=ADVANCED_FACE('',(#2019),#2158,.F.);
#2217=ADVANCED_FACE('',(#2020),#2159,.T.);
#2218=ADVANCED_FACE('',(#2021),#2160,.T.);
#2219=ADVANCED_FACE('',(#2022),#2161,.F.);
#2220=ADVANCED_FACE('',(#2023),#206,.T.);
#2221=ADVANCED_FACE('',(#2024),#2162,.F.);
#2222=ADVANCED_FACE('',(#2025,#2026),#207,.T.);
#2223=ADVANCED_FACE('',(#2027),#208,.T.);
#2224=ADVANCED_FACE('',(#2028),#2163,.T.);
#2225=ADVANCED_FACE('',(#2029),#2164,.T.);
#2226=ADVANCED_FACE('',(#2030),#209,.T.);
#2227=ADVANCED_FACE('',(#2031),#210,.T.);
#2228=ADVANCED_FACE('',(#2032),#2165,.T.);
#2229=ADVANCED_FACE('',(#2033),#2166,.T.);
#2230=ADVANCED_FACE('',(#2034),#211,.T.);
#2231=ADVANCED_FACE('',(#2035),#176,.T.);
#2232=ADVANCED_FACE('',(#2036,#2037),#177,.T.);
#2233=ADVANCED_FACE('',(#2038),#2167,.T.);
#2234=ADVANCED_FACE('',(#2039),#12,.T.);
#2235=ADVANCED_FACE('',(#2040),#2168,.F.);
#2236=ADVANCED_FACE('',(#2041),#13,.T.);
#2237=ADVANCED_FACE('',(#2042),#14,.T.);
#2238=ADVANCED_FACE('',(#2043),#15,.T.);
#2239=ADVANCED_FACE('',(#2044),#16,.T.);
#2240=ADVANCED_FACE('',(#2045),#2169,.F.);
#2241=ADVANCED_FACE('',(#2046),#17,.T.);
#2242=ADVANCED_FACE('',(#2047),#178,.T.);
#2243=ADVANCED_FACE('',(#2048),#179,.T.);
#2244=ADVANCED_FACE('',(#2049),#2170,.T.);
#2245=ADVANCED_FACE('',(#2050),#2171,.T.);
#2246=ADVANCED_FACE('',(#2051),#18,.T.);
#2247=ADVANCED_FACE('',(#2052),#19,.T.);
#2248=ADVANCED_FACE('',(#2053),#20,.T.);
#2249=ADVANCED_FACE('',(#2054),#21,.T.);
#2250=ADVANCED_FACE('',(#2055),#22,.T.);
#2251=ADVANCED_FACE('',(#2056),#23,.T.);
#2252=ADVANCED_FACE('',(#2057),#2172,.T.);
#2253=ADVANCED_FACE('',(#2058),#180,.T.);
#2254=ADVANCED_FACE('',(#2059),#24,.T.);
#2255=ADVANCED_FACE('',(#2060),#25,.T.);
#2256=ADVANCED_FACE('',(#2061),#26,.T.);
#2257=ADVANCED_FACE('',(#2062),#27,.T.);
#2258=ADVANCED_FACE('',(#2063),#2173,.T.);
#2259=ADVANCED_FACE('',(#2064),#2174,.T.);
#2260=ADVANCED_FACE('',(#2065),#181,.T.);
#2261=ADVANCED_FACE('',(#2066),#28,.T.);
#2262=ADVANCED_FACE('',(#2067),#29,.T.);
#2263=ADVANCED_FACE('',(#2068),#2175,.F.);
#2264=ADVANCED_FACE('',(#2069),#30,.T.);
#2265=ADVANCED_FACE('',(#2070),#31,.T.);
#2266=ADVANCED_FACE('',(#2071),#32,.T.);
#2267=ADVANCED_FACE('',(#2072),#33,.T.);
#2268=ADVANCED_FACE('',(#2073),#34,.T.);
#2269=ADVANCED_FACE('',(#2074),#35,.T.);
#2270=ADVANCED_FACE('',(#2075),#36,.T.);
#2271=ADVANCED_FACE('',(#2076),#2176,.T.);
#2272=ADVANCED_FACE('',(#2077),#2177,.T.);
#2273=ADVANCED_FACE('',(#2078),#182,.T.);
#2274=ADVANCED_FACE('',(#2079),#37,.T.);
#2275=ADVANCED_FACE('',(#2080),#38,.T.);
#2276=ADVANCED_FACE('',(#2081),#2178,.F.);
#2277=ADVANCED_FACE('',(#2082),#39,.T.);
#2278=ADVANCED_FACE('',(#2083),#40,.T.);
#2279=ADVANCED_FACE('',(#2084),#41,.T.);
#2280=ADVANCED_FACE('',(#2085),#42,.T.);
#2281=ADVANCED_FACE('',(#2086),#183,.T.);
#2282=ADVANCED_FACE('',(#2087),#43,.T.);
#2283=ADVANCED_FACE('',(#2088),#44,.T.);
#2284=ADVANCED_FACE('',(#2089),#45,.T.);
#2285=ADVANCED_FACE('',(#2090),#46,.T.);
#2286=ADVANCED_FACE('',(#2091),#2179,.T.);
#2287=ADVANCED_FACE('',(#2092),#2180,.T.);
#2288=ADVANCED_FACE('',(#2093),#184,.T.);
#2289=ADVANCED_FACE('',(#2094),#2181,.T.);
#2290=ADVANCED_FACE('',(#2095),#2182,.T.);
#2291=ADVANCED_FACE('',(#2096),#2183,.F.);
#2292=ADVANCED_FACE('',(#2097),#47,.T.);
#2293=ADVANCED_FACE('',(#2098),#48,.T.);
#2294=ADVANCED_FACE('',(#2099),#49,.T.);
#2295=ADVANCED_FACE('',(#2100),#50,.T.);
#2296=ADVANCED_FACE('',(#2101),#2184,.F.);
#2297=ADVANCED_FACE('',(#2102),#51,.T.);
#2298=ADVANCED_FACE('',(#2103),#185,.T.);
#2299=ADVANCED_FACE('',(#2104),#52,.T.);
#2300=ADVANCED_FACE('',(#2105),#186,.T.);
#2301=ADVANCED_FACE('',(#2106),#2185,.T.);
#2302=ADVANCED_FACE('',(#2107),#2186,.T.);
#2303=ADVANCED_FACE('',(#2108),#2187,.T.);
#2304=ADVANCED_FACE('',(#2109),#2188,.T.);
#2305=ADVANCED_FACE('',(#2110),#187,.T.);
#2306=ADVANCED_FACE('',(#2111),#2189,.T.);
#2307=ADVANCED_FACE('',(#2112),#2190,.T.);
#2308=ADVANCED_FACE('',(#2113),#188,.T.);
#2309=ADVANCED_FACE('',(#2114),#2191,.T.);
#2310=ADVANCED_FACE('',(#2115),#2192,.T.);
#2311=ADVANCED_FACE('',(#2116),#53,.T.);
#2312=ADVANCED_FACE('',(#2117),#54,.T.);
#2313=ADVANCED_FACE('',(#2118,#2119),#2193,.F.);
#2314=ADVANCED_FACE('',(#2120),#189,.T.);
#2315=ADVANCED_FACE('',(#2121),#190,.F.);
#2316=ADVANCED_FACE('',(#2122),#191,.F.);
#2317=ADVANCED_FACE('',(#2123),#192,.T.);
#2318=ADVANCED_FACE('',(#2124),#2194,.F.);
#2319=ADVANCED_FACE('',(#2125),#2195,.F.);
#2320=ADVANCED_FACE('',(#2126),#2196,.F.);
#2321=ADVANCED_FACE('',(#2127),#2197,.F.);
#2322=ADVANCED_FACE('',(#2128),#193,.F.);
#2323=ADVANCED_FACE('',(#2129),#194,.F.);
#2324=ADVANCED_FACE('',(#2130),#195,.T.);
#2325=ADVANCED_FACE('',(#2131),#196,.T.);
#2326=ADVANCED_FACE('',(#2132),#197,.T.);
#2327=ADVANCED_FACE('',(#2133),#198,.F.);
#2328=ADVANCED_FACE('',(#2134),#199,.F.);
#2329=ADVANCED_FACE('',(#2135),#200,.T.);
#2330=ADVANCED_FACE('',(#2136,#2137,#2138,#2139),#201,.F.);
#2331=ADVANCED_FACE('',(#2140,#2141,#2142,#2143,#2144,#2145,#2146),#202,.T.);
#2332=CLOSED_SHELL('',(#2198,#2199,#2200,#2201,#2202,#2203,#2204,#2205,#2206,#2207,#2208,#2209,#2210,#2211,#2212,#2213,#2214,#2215,#2216,#2217,#2218,#2219,#2220,#2221,#2222,#2223,#2224,#2225,#2226,#2227,#2228,#2229,#2230,#2231,#2232,#2233,#2234,#2235,#2236,#2237,#2238,#2239,#2240,#2241,#2242,#2243,#2244,#2245,#2246,#2247,#2248,#2249,#2250,#2251,#2252,#2253,#2254,#2255,#2256,#2257,#2258,#2259,#2260,#2261,#2262,#2263,#2264,#2265,#2266,#2267,#2268,#2269,#2270,#2271,#2272,#2273,#2274,#2275,#2276,#2277,#2278,#2279,#2280,#2281,#2282,#2283,#2284,#2285,#2286,#2287,#2288,#2289,#2290,#2291,#2292,#2293,#2294,#2295,#2296,#2297,#2298,#2299,#2300,#2301,#2302,#2303,#2304,#2305,#2306,#2307,#2308,#2309,#2310,#2311,#2312,#2313,#2314,#2315,#2316,#2317,#2318,#2319,#2320,#2321,#2322,#2323,#2324,#2325,#2326,#2327,#2328,#2329,#2330,#2331));
#2333=STYLED_ITEM('',(#2334),#2341);
#2334=PRESENTATION_STYLE_ASSIGNMENT((#2335));
#2335=SURFACE_STYLE_USAGE(.BOTH.,#2336);
#2336=SURFACE_SIDE_STYLE('',(#2337));
#2337=SURFACE_STYLE_FILL_AREA(#2338);
#2338=FILL_AREA_STYLE('',(#2339));
#2339=FILL_AREA_STYLE_COLOUR('',#2340);
#2340=COLOUR_RGB('',1.,0.266666666666666,0.);
#2341=MANIFOLD_SOLID_BREP('top',#2332);
#2342=SHAPE_DEFINITION_REPRESENTATION(#4377,#2343);
#2343=SHAPE_REPRESENTATION('top',(#2344),#4372);
#2344=AXIS2_PLACEMENT_3D('',#3074,#2547,#2548);
#2345=AXIS2_PLACEMENT_3D('',#3075,#2549,#2550);
#2346=AXIS2_PLACEMENT_3D('',#3076,#2551,#2552);
#2347=AXIS2_PLACEMENT_3D('',#3081,#2554,#2555);
#2348=AXIS2_PLACEMENT_3D('',#3084,#2557,#2558);
#2349=AXIS2_PLACEMENT_3D('',#3085,#2559,#2560);
#2350=AXIS2_PLACEMENT_3D('',#3087,#2561,#2562);
#2351=AXIS2_PLACEMENT_3D('',#3088,#2563,#2564);
#2352=AXIS2_PLACEMENT_3D('',#3089,#2565,#2566);
#2353=AXIS2_PLACEMENT_3D('',#3094,#2569,#2570);
#2354=AXIS2_PLACEMENT_3D('',#3095,#2571,#2572);
#2355=AXIS2_PLACEMENT_3D('',#3100,#2575,#2576);
#2356=AXIS2_PLACEMENT_3D('',#3101,#2577,#2578);
#2357=AXIS2_PLACEMENT_3D('',#3103,#2579,#2580);
#2358=AXIS2_PLACEMENT_3D('',#3104,#2581,#2582);
#2359=AXIS2_PLACEMENT_3D('',#3105,#2583,#2584);
#2360=AXIS2_PLACEMENT_3D('',#3107,#2585,#2586);
#2361=AXIS2_PLACEMENT_3D('',#3108,#2587,#2588);
#2362=AXIS2_PLACEMENT_3D('',#3109,#2589,#2590);
#2363=AXIS2_PLACEMENT_3D('',#3114,#2593,#2594);
#2364=AXIS2_PLACEMENT_3D('',#3115,#2595,#2596);
#2365=AXIS2_PLACEMENT_3D('',#3120,#2599,#2600);
#2366=AXIS2_PLACEMENT_3D('',#3121,#2601,#2602);
#2367=AXIS2_PLACEMENT_3D('',#3125,#2605,#2606);
#2368=AXIS2_PLACEMENT_3D('',#3126,#2607,#2608);
#2369=AXIS2_PLACEMENT_3D('',#3131,#2611,#2612);
#2370=AXIS2_PLACEMENT_3D('',#3132,#2613,#2614);
#2371=AXIS2_PLACEMENT_3D('',#3133,#2615,#2616);
#2372=AXIS2_PLACEMENT_3D('',#3136,#2618,#2619);
#2373=AXIS2_PLACEMENT_3D('',#3139,#2621,#2622);
#2374=AXIS2_PLACEMENT_3D('',#3140,#2623,#2624);
#2375=AXIS2_PLACEMENT_3D('',#3145,#2626,#2627);
#2376=AXIS2_PLACEMENT_3D('',#3148,#2629,#2630);
#2377=AXIS2_PLACEMENT_3D('',#3149,#2631,#2632);
#2378=AXIS2_PLACEMENT_3D('',#3152,#2633,#2634);
#2379=AXIS2_PLACEMENT_3D('',#3153,#2635,#2636);
#2380=AXIS2_PLACEMENT_3D('',#3154,#2637,#2638);
#2381=AXIS2_PLACEMENT_3D('',#3155,#2639,#2640);
#2382=AXIS2_PLACEMENT_3D('',#3160,#2643,#2644);
#2383=AXIS2_PLACEMENT_3D('',#3161,#2645,#2646);
#2384=AXIS2_PLACEMENT_3D('',#3166,#2649,#2650);
#2385=AXIS2_PLACEMENT_3D('',#3167,#2651,#2652);
#2386=AXIS2_PLACEMENT_3D('',#3170,#2653,#2654);
#2387=AXIS2_PLACEMENT_3D('',#3171,#2655,#2656);
#2388=AXIS2_PLACEMENT_3D('',#3172,#2657,#2658);
#2389=AXIS2_PLACEMENT_3D('',#3173,#2659,#2660);
#2390=AXIS2_PLACEMENT_3D('',#3176,#2661,#2662);
#2391=AXIS2_PLACEMENT_3D('',#3177,#2663,#2664);
#2392=AXIS2_PLACEMENT_3D('',#3178,#2665,#2666);
#2393=AXIS2_PLACEMENT_3D('',#3179,#2667,#2668);
#2394=AXIS2_PLACEMENT_3D('',#3184,#2671,#2672);
#2395=AXIS2_PLACEMENT_3D('',#3185,#2673,#2674);
#2396=AXIS2_PLACEMENT_3D('',#3190,#2677,#2678);
#2397=AXIS2_PLACEMENT_3D('',#3191,#2679,#2680);
#2398=AXIS2_PLACEMENT_3D('',#3196,#2683,#2684);
#2399=AXIS2_PLACEMENT_3D('',#3197,#2685,#2686);
#2400=AXIS2_PLACEMENT_3D('',#3202,#2689,#2690);
#2401=AXIS2_PLACEMENT_3D('',#3203,#2691,#2692);
#2402=AXIS2_PLACEMENT_3D('',#3204,#2693,#2694);
#2403=AXIS2_PLACEMENT_3D('',#3205,#2695,#2696);
#2404=AXIS2_PLACEMENT_3D('',#3208,#2698,#2699);
#2405=AXIS2_PLACEMENT_3D('',#3211,#2701,#2702);
#2406=AXIS2_PLACEMENT_3D('',#3212,#2703,#2704);
#2407=AXIS2_PLACEMENT_3D('',#3214,#2705,#2706);
#2408=AXIS2_PLACEMENT_3D('',#3216,#2707,#2708);
#2409=AXIS2_PLACEMENT_3D('',#3217,#2709,#2710);
#2410=AXIS2_PLACEMENT_3D('',#3220,#2711,#2712);
#2411=AXIS2_PLACEMENT_3D('',#3222,#2713,#2714);
#2412=AXIS2_PLACEMENT_3D('',#3224,#2715,#2716);
#2413=AXIS2_PLACEMENT_3D('',#3225,#2717,#2718);
#2414=AXIS2_PLACEMENT_3D('',#3226,#2719,#2720);
#2415=AXIS2_PLACEMENT_3D('',#3231,#2723,#2724);
#2416=AXIS2_PLACEMENT_3D('',#3232,#2725,#2726);
#2417=AXIS2_PLACEMENT_3D('',#3237,#2729,#2730);
#2418=AXIS2_PLACEMENT_3D('',#3238,#2731,#2732);
#2419=AXIS2_PLACEMENT_3D('',#3241,#2733,#2734);
#2420=AXIS2_PLACEMENT_3D('',#3242,#2735,#2736);
#2421=AXIS2_PLACEMENT_3D('',#3243,#2737,#2738);
#2422=AXIS2_PLACEMENT_3D('',#3244,#2739,#2740);
#2423=AXIS2_PLACEMENT_3D('',#3247,#2741,#2742);
#2424=AXIS2_PLACEMENT_3D('',#3248,#2743,#2744);
#2425=AXIS2_PLACEMENT_3D('',#3249,#2745,#2746);
#2426=AXIS2_PLACEMENT_3D('',#3250,#2747,#2748);
#2427=AXIS2_PLACEMENT_3D('',#3255,#2751,#2752);
#2428=AXIS2_PLACEMENT_3D('',#3256,#2753,#2754);
#2429=AXIS2_PLACEMENT_3D('',#3261,#2757,#2758);
#2430=AXIS2_PLACEMENT_3D('',#3262,#2759,#2760);
#2431=AXIS2_PLACEMENT_3D('',#3263,#2761,#2762);
#2432=AXIS2_PLACEMENT_3D('',#3264,#2763,#2764);
#2433=AXIS2_PLACEMENT_3D('',#3276,#2766,#2767);
#2434=AXIS2_PLACEMENT_3D('',#3294,#2768,#2769);
#2435=AXIS2_PLACEMENT_3D('',#3295,#2770,#2771);
#2436=AXIS2_PLACEMENT_3D('',#3296,#2772,#2773);
#2437=AXIS2_PLACEMENT_3D('',#3325,#2774,#2775);
#2438=AXIS2_PLACEMENT_3D('',#3327,#2776,#2777);
#2439=AXIS2_PLACEMENT_3D('',#3331,#2779,#2780);
#2440=AXIS2_PLACEMENT_3D('',#3339,#2782,#2783);
#2441=AXIS2_PLACEMENT_3D('',#3357,#2784,#2785);
#2442=AXIS2_PLACEMENT_3D('',#3362,#2786,#2787);
#2443=AXIS2_PLACEMENT_3D('',#3363,#2788,#2789);
#2444=AXIS2_PLACEMENT_3D('',#3384,#2792,#2793);
#2445=AXIS2_PLACEMENT_3D('',#3428,#2797,#2798);
#2446=AXIS2_PLACEMENT_3D('',#3439,#2801,#2802);
#2447=AXIS2_PLACEMENT_3D('',#3440,#2803,#2804);
#2448=AXIS2_PLACEMENT_3D('',#3447,#2806,#2807);
#2449=AXIS2_PLACEMENT_3D('',#3448,#2808,#2809);
#2450=AXIS2_PLACEMENT_3D('',#3454,#2810,#2811);
#2451=AXIS2_PLACEMENT_3D('',#3455,#2812,#2813);
#2452=AXIS2_PLACEMENT_3D('',#3544,#2819,#2820);
#2453=AXIS2_PLACEMENT_3D('',#3545,#2821,#2822);
#2454=AXIS2_PLACEMENT_3D('',#3546,#2823,#2824);
#2455=AXIS2_PLACEMENT_3D('',#3564,#2825,#2826);
#2456=AXIS2_PLACEMENT_3D('',#3576,#2828,#2829);
#2457=AXIS2_PLACEMENT_3D('',#3578,#2830,#2831);
#2458=AXIS2_PLACEMENT_3D('',#3608,#2832,#2833);
#2459=AXIS2_PLACEMENT_3D('',#3620,#2835,#2836);
#2460=AXIS2_PLACEMENT_3D('',#3622,#2837,#2838);
#2461=AXIS2_PLACEMENT_3D('',#3696,#2843,#2844);
#2462=AXIS2_PLACEMENT_3D('',#3697,#2845,#2846);
#2463=AXIS2_PLACEMENT_3D('',#3703,#2847,#2848);
#2464=AXIS2_PLACEMENT_3D('',#3704,#2849,#2850);
#2465=AXIS2_PLACEMENT_3D('',#3710,#2851,#2852);
#2466=AXIS2_PLACEMENT_3D('',#3746,#2855,#2856);
#2467=AXIS2_PLACEMENT_3D('',#3747,#2857,#2858);
#2468=AXIS2_PLACEMENT_3D('',#3847,#2865,#2866);
#2469=AXIS2_PLACEMENT_3D('',#3848,#2867,#2868);
#2470=AXIS2_PLACEMENT_3D('',#3854,#2869,#2870);
#2471=AXIS2_PLACEMENT_3D('',#3855,#2871,#2872);
#2472=AXIS2_PLACEMENT_3D('',#3861,#2873,#2874);
#2473=AXIS2_PLACEMENT_3D('',#3897,#2877,#2878);
#2474=AXIS2_PLACEMENT_3D('',#3898,#2879,#2880);
#2475=AXIS2_PLACEMENT_3D('',#3954,#2884,#2885);
#2476=AXIS2_PLACEMENT_3D('',#3964,#2886,#2887);
#2477=AXIS2_PLACEMENT_3D('',#3966,#2888,#2889);
#2478=AXIS2_PLACEMENT_3D('',#3970,#2891,#2892);
#2479=AXIS2_PLACEMENT_3D('',#3972,#2893,#2894);
#2480=AXIS2_PLACEMENT_3D('',#3976,#2896,#2897);
#2481=AXIS2_PLACEMENT_3D('',#3978,#2898,#2899);
#2482=AXIS2_PLACEMENT_3D('',#3980,#2900,#2901);
#2483=AXIS2_PLACEMENT_3D('',#3982,#2902,#2903);
#2484=AXIS2_PLACEMENT_3D('',#3996,#2906,#2907);
#2485=AXIS2_PLACEMENT_3D('',#4014,#2908,#2909);
#2486=AXIS2_PLACEMENT_3D('',#4016,#2910,#2911);
#2487=AXIS2_PLACEMENT_3D('',#4018,#2912,#2913);
#2488=AXIS2_PLACEMENT_3D('',#4022,#2915,#2916);
#2489=AXIS2_PLACEMENT_3D('',#4024,#2917,#2918);
#2490=AXIS2_PLACEMENT_3D('',#4098,#2923,#2924);
#2491=AXIS2_PLACEMENT_3D('',#4099,#2925,#2926);
#2492=AXIS2_PLACEMENT_3D('',#4105,#2927,#2928);
#2493=AXIS2_PLACEMENT_3D('',#4106,#2929,#2930);
#2494=AXIS2_PLACEMENT_3D('',#4109,#2932,#2933);
#2495=AXIS2_PLACEMENT_3D('',#4116,#2935,#2936);
#2496=AXIS2_PLACEMENT_3D('',#4117,#2937,#2938);
#2497=AXIS2_PLACEMENT_3D('',#4120,#2940,#2941);
#2498=AXIS2_PLACEMENT_3D('',#4121,#2942,#2943);
#2499=AXIS2_PLACEMENT_3D('',#4127,#2944,#2945);
#2500=AXIS2_PLACEMENT_3D('',#4128,#2946,#2947);
#2501=AXIS2_PLACEMENT_3D('',#4189,#2951,#2952);
#2502=AXIS2_PLACEMENT_3D('',#4190,#2953,#2954);
#2503=AXIS2_PLACEMENT_3D('',#4209,#2956,#2957);
#2504=AXIS2_PLACEMENT_3D('',#4226,#2961,#2962);
#2505=AXIS2_PLACEMENT_3D('',#4233,#2964,#2965);
#2506=AXIS2_PLACEMENT_3D('',#4234,#2966,#2967);
#2507=AXIS2_PLACEMENT_3D('',#4240,#2968,#2969);
#2508=AXIS2_PLACEMENT_3D('',#4241,#2970,#2971);
#2509=AXIS2_PLACEMENT_3D('',#4247,#2972,#2973);
#2510=AXIS2_PLACEMENT_3D('',#4248,#2974,#2975);
#2511=AXIS2_PLACEMENT_3D('',#4254,#2976,#2977);
#2512=AXIS2_PLACEMENT_3D('',#4255,#2978,#2979);
#2513=AXIS2_PLACEMENT_3D('',#4261,#2980,#2981);
#2514=AXIS2_PLACEMENT_3D('',#4265,#2984,#2985);
#2515=AXIS2_PLACEMENT_3D('',#4266,#2986,#2987);
#2516=AXIS2_PLACEMENT_3D('',#4269,#2989,#2990);
#2517=AXIS2_PLACEMENT_3D('',#4270,#2991,#2992);
#2518=AXIS2_PLACEMENT_3D('',#4273,#2994,#2995);
#2519=AXIS2_PLACEMENT_3D('',#4280,#2997,#2998);
#2520=AXIS2_PLACEMENT_3D('',#4281,#2999,#3000);
#2521=AXIS2_PLACEMENT_3D('',#4287,#3001,#3002);
#2522=AXIS2_PLACEMENT_3D('',#4288,#3003,#3004);
#2523=AXIS2_PLACEMENT_3D('',#4318,#3006,#3007);
#2524=AXIS2_PLACEMENT_3D('',#4319,#3008,#3009);
#2525=AXIS2_PLACEMENT_3D('',#4321,#3010,#3011);
#2526=AXIS2_PLACEMENT_3D('',#4323,#3013,#3014);
#2527=AXIS2_PLACEMENT_3D('',#4325,#3016,#3017);
#2528=AXIS2_PLACEMENT_3D('',#4327,#3019,#3020);
#2529=AXIS2_PLACEMENT_3D('',#4329,#3022,#3023);
#2530=AXIS2_PLACEMENT_3D('',#4334,#3026,#3027);
#2531=AXIS2_PLACEMENT_3D('',#4335,#3028,#3029);
#2532=AXIS2_PLACEMENT_3D('',#4340,#3032,#3033);
#2533=AXIS2_PLACEMENT_3D('',#4341,#3034,#3035);
#2534=AXIS2_PLACEMENT_3D('',#4346,#3038,#3039);
#2535=AXIS2_PLACEMENT_3D('',#4347,#3040,#3041);
#2536=AXIS2_PLACEMENT_3D('',#4352,#3044,#3045);
#2537=AXIS2_PLACEMENT_3D('',#4353,#3046,#3047);
#2538=AXIS2_PLACEMENT_3D('',#4355,#3049,#3050);
#2539=AXIS2_PLACEMENT_3D('',#4357,#3052,#3053);
#2540=AXIS2_PLACEMENT_3D('',#4359,#3055,#3056);
#2541=AXIS2_PLACEMENT_3D('',#4361,#3058,#3059);
#2542=AXIS2_PLACEMENT_3D('',#4363,#3061,#3062);
#2543=AXIS2_PLACEMENT_3D('',#4365,#3064,#3065);
#2544=AXIS2_PLACEMENT_3D('',#4367,#3067,#3068);
#2545=AXIS2_PLACEMENT_3D('',#4369,#3070,#3071);
#2546=AXIS2_PLACEMENT_3D('',#4370,#3072,#3073);
#2547=DIRECTION('',(0.,0.,1.));
#2548=DIRECTION('',(1.,0.,0.));
#2549=DIRECTION('',(0.,0.,1.));
#2550=DIRECTION('',(1.,0.,0.));
#2551=DIRECTION('',(0.,0.,1.));
#2552=DIRECTION('',(1.,0.,0.));
#2553=DIRECTION('',(0.,0.,-1.));
#2554=DIRECTION('',(0.,0.,1.));
#2555=DIRECTION('',(1.,0.,0.));
#2556=DIRECTION('',(0.,0.,-1.));
#2557=DIRECTION('',(0.,0.,1.));
#2558=DIRECTION('',(1.,0.,0.));
#2559=DIRECTION('',(0.,-1.,0.));
#2560=DIRECTION('',(0.,0.,-1.));
#2561=DIRECTION('',(1.,0.,0.));
#2562=DIRECTION('',(0.,0.,-1.));
#2563=DIRECTION('',(0.,-1.,0.));
#2564=DIRECTION('',(0.,0.,-1.));
#2565=DIRECTION('',(0.,1.,0.));
#2566=DIRECTION('',(0.,0.,1.));
#2567=DIRECTION('',(0.,-1.,0.));
#2568=DIRECTION('',(0.,-1.,0.));
#2569=DIRECTION('',(-1.,0.,0.));
#2570=DIRECTION('',(0.,0.,1.));
#2571=DIRECTION('',(-1.,0.,0.));
#2572=DIRECTION('',(0.,0.,1.));
#2573=DIRECTION('',(1.,0.,0.));
#2574=DIRECTION('',(1.,0.,0.));
#2575=DIRECTION('',(0.,1.,0.));
#2576=DIRECTION('',(0.,0.,1.));
#2577=DIRECTION('',(0.,0.,1.));
#2578=DIRECTION('',(1.,0.,0.));
#2579=DIRECTION('',(1.,0.,0.));
#2580=DIRECTION('',(0.,0.,-1.));
#2581=DIRECTION('',(-1.,0.,0.));
#2582=DIRECTION('',(0.,0.,1.));
#2583=DIRECTION('',(0.,-1.,0.));
#2584=DIRECTION('',(0.,0.,-1.));
#2585=DIRECTION('',(0.,0.,1.));
#2586=DIRECTION('',(1.,0.,0.));
#2587=DIRECTION('',(0.,0.,-1.));
#2588=DIRECTION('',(-1.,0.,0.));
#2589=DIRECTION('',(0.,0.,1.));
#2590=DIRECTION('',(1.,0.,0.));
#2591=DIRECTION('',(0.,0.,-1.));
#2592=DIRECTION('',(0.,0.,-1.));
#2593=DIRECTION('',(1.,0.,0.));
#2594=DIRECTION('',(0.,0.,-1.));
#2595=DIRECTION('',(-1.,0.,0.));
#2596=DIRECTION('',(0.,0.,1.));
#2597=DIRECTION('',(1.,0.,0.));
#2598=DIRECTION('',(1.,0.,0.));
#2599=DIRECTION('',(0.,1.,0.));
#2600=DIRECTION('',(0.,0.,1.));
#2601=DIRECTION('',(0.,1.,0.));
#2602=DIRECTION('',(0.,0.,1.));
#2603=DIRECTION('',(0.,-1.,0.));
#2604=DIRECTION('',(0.,-1.,0.));
#2605=DIRECTION('',(0.,0.,-1.));
#2606=DIRECTION('',(-1.,0.,0.));
#2607=DIRECTION('',(0.,0.,1.));
#2608=DIRECTION('',(1.,0.,0.));
#2609=DIRECTION('',(0.,0.,-1.));
#2610=DIRECTION('',(0.,0.,-1.));
#2611=DIRECTION('',(-1.,0.,0.));
#2612=DIRECTION('',(0.,0.,1.));
#2613=DIRECTION('',(0.,0.,1.));
#2614=DIRECTION('',(1.,0.,0.));
#2615=DIRECTION('',(0.,0.,1.));
#2616=DIRECTION('',(1.,0.,0.));
#2617=DIRECTION('',(0.,0.,-1.));
#2618=DIRECTION('',(0.,0.,1.));
#2619=DIRECTION('',(1.,0.,0.));
#2620=DIRECTION('',(0.,0.,-1.));
#2621=DIRECTION('',(0.,0.,-1.));
#2622=DIRECTION('',(-1.,0.,0.));
#2623=DIRECTION('',(0.,0.,1.));
#2624=DIRECTION('',(1.,0.,0.));
#2625=DIRECTION('',(0.,0.,1.));
#2626=DIRECTION('',(0.,0.,1.));
#2627=DIRECTION('',(1.,0.,0.));
#2628=DIRECTION('',(0.,0.,1.));
#2629=DIRECTION('',(0.,0.,1.));
#2630=DIRECTION('',(1.,0.,0.));
#2631=DIRECTION('',(0.,0.,1.));
#2632=DIRECTION('',(1.,0.,0.));
#2633=DIRECTION('',(0.,-1.,0.));
#2634=DIRECTION('',(0.,0.,-1.));
#2635=DIRECTION('',(1.,0.,0.));
#2636=DIRECTION('',(0.,0.,-1.));
#2637=DIRECTION('',(-1.,0.,0.));
#2638=DIRECTION('',(0.,-1.,0.));
#2639=DIRECTION('',(-1.,0.,0.));
#2640=DIRECTION('',(0.,0.,1.));
#2641=DIRECTION('',(-1.,-1.26161707343768E-16,0.));
#2642=DIRECTION('',(-1.,-1.26161707343768E-16,0.));
#2643=DIRECTION('',(0.,-1.,0.));
#2644=DIRECTION('',(0.,0.,-1.));
#2645=DIRECTION('',(0.,1.,0.));
#2646=DIRECTION('',(0.,0.,1.));
#2647=DIRECTION('',(0.,-1.,0.));
#2648=DIRECTION('',(0.,-1.,0.));
#2649=DIRECTION('',(0.,0.,1.));
#2650=DIRECTION('',(1.,0.,0.));
#2651=DIRECTION('',(0.,-1.,0.));
#2652=DIRECTION('',(0.,0.,-1.));
#2653=DIRECTION('',(0.,0.,1.));
#2654=DIRECTION('',(1.,0.,0.));
#2655=DIRECTION('',(0.,0.,1.));
#2656=DIRECTION('',(1.,0.,0.));
#2657=DIRECTION('',(0.,0.,1.));
#2658=DIRECTION('',(1.,0.,0.));
#2659=DIRECTION('',(1.,0.,0.));
#2660=DIRECTION('',(0.,0.,-1.));
#2661=DIRECTION('',(0.,0.,1.));
#2662=DIRECTION('',(1.,0.,0.));
#2663=DIRECTION('',(0.,0.,1.));
#2664=DIRECTION('',(1.,0.,0.));
#2665=DIRECTION('',(0.,0.,1.));
#2666=DIRECTION('',(1.,0.,0.));
#2667=DIRECTION('',(0.,0.,1.));
#2668=DIRECTION('',(1.,0.,0.));
#2669=DIRECTION('',(0.,0.,1.));
#2670=DIRECTION('',(0.,0.,1.));
#2671=DIRECTION('',(0.,1.,0.));
#2672=DIRECTION('',(0.,0.,1.));
#2673=DIRECTION('',(0.,1.,0.));
#2674=DIRECTION('',(0.,0.,1.));
#2675=DIRECTION('',(0.,-1.,0.));
#2676=DIRECTION('',(0.,-1.,0.));
#2677=DIRECTION('',(1.,0.,0.));
#2678=DIRECTION('',(0.,1.,0.));
#2679=DIRECTION('',(-1.,0.,0.));
#2680=DIRECTION('',(0.,0.,1.));
#2681=DIRECTION('',(-1.,-1.22219153989275E-16,0.));
#2682=DIRECTION('',(-1.,-1.22219153989275E-16,0.));
#2683=DIRECTION('',(0.,0.,1.));
#2684=DIRECTION('',(1.,0.,0.));
#2685=DIRECTION('',(0.,0.,1.));
#2686=DIRECTION('',(1.,0.,0.));
#2687=DIRECTION('',(0.,0.,1.));
#2688=DIRECTION('',(0.,0.,1.));
#2689=DIRECTION('',(0.,0.,1.));
#2690=DIRECTION('',(1.,0.,0.));
#2691=DIRECTION('',(0.,0.,1.));
#2692=DIRECTION('',(1.,0.,0.));
#2693=DIRECTION('',(0.,0.,1.));
#2694=DIRECTION('',(1.,0.,0.));
#2695=DIRECTION('',(0.,0.,-1.));
#2696=DIRECTION('',(-1.,0.,0.));
#2697=DIRECTION('',(0.,0.,1.));
#2698=DIRECTION('',(0.,0.,1.));
#2699=DIRECTION('',(1.,0.,0.));
#2700=DIRECTION('',(0.,0.,1.));
#2701=DIRECTION('',(0.,0.,1.));
#2702=DIRECTION('',(1.,0.,0.));
#2703=DIRECTION('',(0.,0.,1.));
#2704=DIRECTION('',(1.,0.,0.));
#2705=DIRECTION('',(0.,0.,1.));
#2706=DIRECTION('',(1.,0.,0.));
#2707=DIRECTION('',(0.,0.,1.));
#2708=DIRECTION('',(1.,0.,0.));
#2709=DIRECTION('',(-1.,0.,-5.20417042793042E-15));
#2710=DIRECTION('',(-5.20417042793042E-15,0.,1.));
#2711=DIRECTION('',(0.,0.,1.));
#2712=DIRECTION('',(1.,0.,0.));
#2713=DIRECTION('',(0.,1.,0.));
#2714=DIRECTION('',(0.,0.,1.));
#2715=DIRECTION('',(0.,0.,1.));
#2716=DIRECTION('',(1.,0.,0.));
#2717=DIRECTION('',(0.,1.,0.));
#2718=DIRECTION('',(-1.,0.,0.));
#2719=DIRECTION('',(0.,1.,0.));
#2720=DIRECTION('',(0.,0.,1.));
#2721=DIRECTION('',(-1.82602471155453E-16,-1.,0.));
#2722=DIRECTION('',(-1.82602471155453E-16,-1.,0.));
#2723=DIRECTION('',(1.,0.,0.));
#2724=DIRECTION('',(0.,0.,-1.));
#2725=DIRECTION('',(-1.,5.20417042793042E-15,0.));
#2726=DIRECTION('',(-5.20417042793042E-15,-1.,0.));
#2727=DIRECTION('',(1.,0.,0.));
#2728=DIRECTION('',(1.,0.,0.));
#2729=DIRECTION('',(0.,0.,1.));
#2730=DIRECTION('',(1.,0.,0.));
#2731=DIRECTION('',(-1.,0.,0.));
#2732=DIRECTION('',(0.,0.,1.));
#2733=DIRECTION('',(0.,0.,1.));
#2734=DIRECTION('',(1.,0.,0.));
#2735=DIRECTION('',(0.,0.,1.));
#2736=DIRECTION('',(1.,0.,0.));
#2737=DIRECTION('',(0.,0.,1.));
#2738=DIRECTION('',(1.,0.,0.));
#2739=DIRECTION('',(0.,1.,0.));
#2740=DIRECTION('',(0.,0.,1.));
#2741=DIRECTION('',(0.,0.,1.));
#2742=DIRECTION('',(1.,0.,0.));
#2743=DIRECTION('',(0.,0.,1.));
#2744=DIRECTION('',(1.,0.,0.));
#2745=DIRECTION('',(-1.,0.,0.));
#2746=DIRECTION('',(0.,0.,1.));
#2747=DIRECTION('',(-1.,0.,0.));
#2748=DIRECTION('',(0.,0.,1.));
#2749=DIRECTION('',(1.,0.,0.));
#2750=DIRECTION('',(1.,0.,0.));
#2751=DIRECTION('',(0.,-1.,0.));
#2752=DIRECTION('',(1.,0.,0.));
#2753=DIRECTION('',(3.46944695195362E-15,1.,0.));
#2754=DIRECTION('',(-1.,3.46944695195362E-15,0.));
#2755=DIRECTION('',(-1.82602471155453E-16,-1.,0.));
#2756=DIRECTION('',(-1.82602471155453E-16,-1.,0.));
#2757=DIRECTION('',(0.,0.,1.));
#2758=DIRECTION('',(1.,0.,0.));
#2759=DIRECTION('',(0.,0.,1.));
#2760=DIRECTION('',(1.,0.,0.));
#2761=DIRECTION('',(0.,0.,1.));
#2762=DIRECTION('',(1.,0.,0.));
#2763=DIRECTION('',(0.,0.,1.));
#2764=DIRECTION('',(1.,0.,0.));
#2765=DIRECTION('',(0.,-1.,0.));
#2766=DIRECTION('',(0.,0.,-1.));
#2767=DIRECTION('',(-1.,0.,0.));
#2768=DIRECTION('',(0.,0.,-1.));
#2769=DIRECTION('',(-1.,0.,0.));
#2770=DIRECTION('',(0.,0.,1.));
#2771=DIRECTION('',(1.,0.,0.));
#2772=DIRECTION('',(0.,0.,-1.));
#2773=DIRECTION('',(-1.,0.,0.));
#2774=DIRECTION('',(0.,0.,-1.));
#2775=DIRECTION('',(-1.,0.,0.));
#2776=DIRECTION('',(0.,0.,1.));
#2777=DIRECTION('',(1.,0.,0.));
#2778=DIRECTION('',(0.,1.,0.));
#2779=DIRECTION('',(0.,0.,1.));
#2780=DIRECTION('',(1.,0.,0.));
#2781=DIRECTION('',(0.,-1.,0.));
#2782=DIRECTION('',(0.,0.,-1.));
#2783=DIRECTION('',(-1.,0.,0.));
#2784=DIRECTION('',(0.,0.,-1.));
#2785=DIRECTION('',(-1.,0.,0.));
#2786=DIRECTION('',(0.,0.,-1.));
#2787=DIRECTION('',(-0.938466665434495,-0.345369827675001,0.));
#2788=DIRECTION('',(0.,0.,1.));
#2789=DIRECTION('',(1.,0.,0.));
#2790=DIRECTION('',(0.,0.,-1.));
#2791=DIRECTION('',(0.,0.,-1.));
#2792=DIRECTION('',(0.,0.,-1.));
#2793=DIRECTION('',(-0.0811666750641193,-0.996700542218693,0.));
#2794=DIRECTION('',(0.,0.,-1.));
#2795=DIRECTION('',(0.,0.,-1.));
#2796=DIRECTION('',(0.,0.,-1.));
#2797=DIRECTION('',(0.,0.,-1.));
#2798=DIRECTION('',(-0.0811666750641317,0.996700542218692,0.));
#2799=DIRECTION('',(0.,0.,-1.));
#2800=DIRECTION('',(0.,0.,-1.));
#2801=DIRECTION('',(1.,0.,0.));
#2802=DIRECTION('',(0.,0.,-1.));
#2803=DIRECTION('',(-1.,0.,0.));
#2804=DIRECTION('',(0.,0.,1.));
#2805=DIRECTION('',(0.,1.,0.));
#2806=DIRECTION('',(0.,0.,-1.));
#2807=DIRECTION('',(-0.938466665434476,0.345369827675053,0.));
#2808=DIRECTION('',(0.,0.,1.));
#2809=DIRECTION('',(1.,0.,0.));
#2810=DIRECTION('',(0.,0.,-1.));
#2811=DIRECTION('',(-0.46660065912499,0.884468102818934,0.));
#2812=DIRECTION('',(0.,0.,-1.));
#2813=DIRECTION('',(-1.,0.,0.));
#2814=DIRECTION('',(0.,0.,-1.));
#2815=DIRECTION('',(0.,0.,-1.));
#2816=DIRECTION('',(0.,0.,-1.));
#2817=DIRECTION('',(0.,0.,-1.));
#2818=DIRECTION('',(0.,0.,-1.));
#2819=DIRECTION('',(0.,0.,-1.));
#2820=DIRECTION('',(-0.466600659126072,-0.884468102818364,0.));
#2821=DIRECTION('',(0.,0.,-1.));
#2822=DIRECTION('',(-1.,0.,0.));
#2823=DIRECTION('',(0.,0.,1.));
#2824=DIRECTION('',(1.,0.,0.));
#2825=DIRECTION('',(0.,0.,-1.));
#2826=DIRECTION('',(-1.,0.,0.));
#2827=DIRECTION('',(0.,1.,0.));
#2828=DIRECTION('',(0.,0.,-1.));
#2829=DIRECTION('',(-1.,0.,0.));
#2830=DIRECTION('',(0.,0.,-1.));
#2831=DIRECTION('',(-1.,0.,0.));
#2832=DIRECTION('',(0.,0.,-1.));
#2833=DIRECTION('',(-1.,0.,0.));
#2834=DIRECTION('',(0.,-1.,0.));
#2835=DIRECTION('',(0.,0.,-1.));
#2836=DIRECTION('',(-1.,0.,0.));
#2837=DIRECTION('',(0.,0.,-1.));
#2838=DIRECTION('',(-1.,0.,0.));
#2839=DIRECTION('',(0.,0.,-1.));
#2840=DIRECTION('',(0.,0.,-1.));
#2841=DIRECTION('',(0.,0.,-1.));
#2842=DIRECTION('',(0.,0.,-1.));
#2843=DIRECTION('',(0.,0.,-1.));
#2844=DIRECTION('',(0.593326184530412,0.804962134979394,0.));
#2845=DIRECTION('',(0.,0.,-1.));
#2846=DIRECTION('',(-1.,0.,0.));
#2847=DIRECTION('',(0.,0.,-1.));
#2848=DIRECTION('',(0.956705147770522,0.291058860420678,0.));
#2849=DIRECTION('',(0.,0.,-1.));
#2850=DIRECTION('',(-1.,0.,0.));
#2851=DIRECTION('',(1.,0.,0.));
#2852=DIRECTION('',(0.,0.,-1.));
#2853=DIRECTION('',(0.,-1.,0.));
#2854=DIRECTION('',(0.,0.,-1.));
#2855=DIRECTION('',(0.,0.,-1.));
#2856=DIRECTION('',(0.185559828413385,0.982632968141816,0.));
#2857=DIRECTION('',(0.,0.,-1.));
#2858=DIRECTION('',(-1.,0.,0.));
#2859=DIRECTION('',(0.,0.,-1.));
#2860=DIRECTION('',(0.,0.,-1.));
#2861=DIRECTION('',(0.,0.,-1.));
#2862=DIRECTION('',(0.,0.,-1.));
#2863=DIRECTION('',(0.,0.,-1.));
#2864=DIRECTION('',(0.,0.,-1.));
#2865=DIRECTION('',(0.,0.,-1.));
#2866=DIRECTION('',(-0.636425660731854,-0.771338044155753,0.));
#2867=DIRECTION('',(0.,0.,-1.));
#2868=DIRECTION('',(-1.,0.,0.));
#2869=DIRECTION('',(0.,0.,-1.));
#2870=DIRECTION('',(-0.963351779371602,-0.268241214546847,0.));
#2871=DIRECTION('',(0.,0.,-1.));
#2872=DIRECTION('',(-1.,0.,0.));
#2873=DIRECTION('',(-1.,0.,0.));
#2874=DIRECTION('',(0.,0.,1.));
#2875=DIRECTION('',(0.,1.,0.));
#2876=DIRECTION('',(0.,0.,-1.));
#2877=DIRECTION('',(0.,0.,-1.));
#2878=DIRECTION('',(-0.230363612554255,-0.973104622335622,0.));
#2879=DIRECTION('',(0.,0.,-1.));
#2880=DIRECTION('',(-1.,0.,0.));
#2881=DIRECTION('',(0.,0.,-1.));
#2882=DIRECTION('',(0.,0.,-1.));
#2883=DIRECTION('',(0.,0.,-1.));
#2884=DIRECTION('',(0.,0.,1.));
#2885=DIRECTION('',(1.,0.,0.));
#2886=DIRECTION('',(0.,0.,-1.));
#2887=DIRECTION('',(-1.,0.,0.));
#2888=DIRECTION('',(0.,0.,1.));
#2889=DIRECTION('',(1.,0.,0.));
#2890=DIRECTION('',(0.,-1.,0.));
#2891=DIRECTION('',(0.,0.,1.));
#2892=DIRECTION('',(1.,0.,0.));
#2893=DIRECTION('',(0.,0.,1.));
#2894=DIRECTION('',(1.,0.,0.));
#2895=DIRECTION('',(1.,0.,0.));
#2896=DIRECTION('',(0.,0.,1.));
#2897=DIRECTION('',(1.,0.,0.));
#2898=DIRECTION('',(0.,0.,-1.));
#2899=DIRECTION('',(-1.,0.,0.));
#2900=DIRECTION('',(0.,0.,-1.));
#2901=DIRECTION('',(-1.,0.,0.));
#2902=DIRECTION('',(0.,0.,1.));
#2903=DIRECTION('',(1.,0.,0.));
#2904=DIRECTION('',(-1.,0.,0.));
#2905=DIRECTION('',(0.,1.,0.));
#2906=DIRECTION('',(0.,0.,-1.));
#2907=DIRECTION('',(-1.,0.,0.));
#2908=DIRECTION('',(0.,0.,-1.));
#2909=DIRECTION('',(-1.,0.,0.));
#2910=DIRECTION('',(0.,0.,-1.));
#2911=DIRECTION('',(-1.,0.,0.));
#2912=DIRECTION('',(0.,0.,1.));
#2913=DIRECTION('',(1.,0.,0.));
#2914=DIRECTION('',(0.,-1.,0.));
#2915=DIRECTION('',(0.,0.,1.));
#2916=DIRECTION('',(1.,0.,0.));
#2917=DIRECTION('',(0.,0.,-1.));
#2918=DIRECTION('',(-1.,0.,0.));
#2919=DIRECTION('',(0.,0.,-1.));
#2920=DIRECTION('',(0.,0.,-1.));
#2921=DIRECTION('',(0.,0.,-1.));
#2922=DIRECTION('',(0.,0.,-1.));
#2923=DIRECTION('',(0.,0.,-1.));
#2924=DIRECTION('',(0.504183384203847,0.863596615957216,0.));
#2925=DIRECTION('',(0.,0.,-1.));
#2926=DIRECTION('',(-1.,0.,0.));
#2927=DIRECTION('',(0.,0.,-1.));
#2928=DIRECTION('',(0.940976258233681,0.338472571179025,0.));
#2929=DIRECTION('',(0.,0.,1.));
#2930=DIRECTION('',(1.,0.,0.));
#2931=DIRECTION('',(0.,0.,-1.));
#2932=DIRECTION('',(1.,0.,0.));
#2933=DIRECTION('',(0.,0.,-1.));
#2934=DIRECTION('',(0.,-1.,0.));
#2935=DIRECTION('',(0.,0.,-1.));
#2936=DIRECTION('',(0.895060156251502,-0.445945418959582,0.));
#2937=DIRECTION('',(0.,0.,1.));
#2938=DIRECTION('',(1.,0.,0.));
#2939=DIRECTION('',(0.,0.,-1.));
#2940=DIRECTION('',(0.,0.,-1.));
#2941=DIRECTION('',(0.207628841138516,-0.978207679548406,0.));
#2942=DIRECTION('',(0.,0.,-1.));
#2943=DIRECTION('',(-1.,0.,0.));
#2944=DIRECTION('',(0.,0.,-1.));
#2945=DIRECTION('',(0.110672923022958,0.993856883112229,0.));
#2946=DIRECTION('',(0.,0.,-1.));
#2947=DIRECTION('',(-1.,0.,0.));
#2948=DIRECTION('',(0.,0.,-1.));
#2949=DIRECTION('',(0.,0.,-1.));
#2950=DIRECTION('',(0.,0.,-1.));
#2951=DIRECTION('',(0.,0.,-1.));
#2952=DIRECTION('',(0.139743761516119,-0.990187699942453,0.));
#2953=DIRECTION('',(0.,0.,-1.));
#2954=DIRECTION('',(-1.,0.,0.));
#2955=DIRECTION('',(0.,0.,-1.));
#2956=DIRECTION('',(-1.,0.,0.));
#2957=DIRECTION('',(0.,0.,1.));
#2958=DIRECTION('',(0.,1.,0.));
#2959=DIRECTION('',(0.,0.,-1.));
#2960=DIRECTION('',(0.,0.,-1.));
#2961=DIRECTION('',(0.,-1.,0.));
#2962=DIRECTION('',(0.,0.,-1.));
#2963=DIRECTION('',(-1.,0.,0.));
#2964=DIRECTION('',(0.,0.,-1.));
#2965=DIRECTION('',(-0.382439647626326,-0.923980473778235,0.));
#2966=DIRECTION('',(0.,0.,1.));
#2967=DIRECTION('',(1.,0.,0.));
#2968=DIRECTION('',(0.,0.,-1.));
#2969=DIRECTION('',(-0.923980473778244,-0.382439647626304,0.));
#2970=DIRECTION('',(0.,0.,-1.));
#2971=DIRECTION('',(-1.,0.,0.));
#2972=DIRECTION('',(0.,0.,-1.));
#2973=DIRECTION('',(-0.925695026329049,0.378270694383878,0.));
#2974=DIRECTION('',(0.,0.,-1.));
#2975=DIRECTION('',(-1.,0.,0.));
#2976=DIRECTION('',(0.,0.,-1.));
#2977=DIRECTION('',(-0.380975213397399,0.924585251221761,0.));
#2978=DIRECTION('',(0.,0.,1.));
#2979=DIRECTION('',(1.,0.,0.));
#2980=DIRECTION('',(0.,1.,0.));
#2981=DIRECTION('',(0.,0.,1.));
#2982=DIRECTION('',(1.,0.,0.));
#2983=DIRECTION('',(0.,0.,-1.));
#2984=DIRECTION('',(0.,0.,-1.));
#2985=DIRECTION('',(0.387832574021668,0.921729838145499,0.));
#2986=DIRECTION('',(0.,0.,1.));
#2987=DIRECTION('',(1.,0.,0.));
#2988=DIRECTION('',(0.,0.,-1.));
#2989=DIRECTION('',(0.,0.,-1.));
#2990=DIRECTION('',(0.922071663874366,0.387019181281702,0.));
#2991=DIRECTION('',(0.,0.,1.));
#2992=DIRECTION('',(1.,0.,0.));
#2993=DIRECTION('',(0.,0.,-1.));
#2994=DIRECTION('',(1.,0.,0.));
#2995=DIRECTION('',(0.,0.,-1.));
#2996=DIRECTION('',(0.,-1.,0.));
#2997=DIRECTION('',(0.,0.,-1.));
#2998=DIRECTION('',(0.952492313450173,-0.304562625445633,0.));
#2999=DIRECTION('',(0.,0.,1.));
#3000=DIRECTION('',(1.,0.,0.));
#3001=DIRECTION('',(0.,0.,-1.));
#3002=DIRECTION('',(0.582987464138324,-0.812481148493653,0.));
#3003=DIRECTION('',(0.,0.,-1.));
#3004=DIRECTION('',(-1.,0.,0.));
#3005=DIRECTION('',(0.,0.,-1.));
#3006=DIRECTION('',(0.,0.,1.));
#3007=DIRECTION('',(1.,0.,0.));
#3008=DIRECTION('',(0.,0.,1.));
#3009=DIRECTION('',(1.,0.,0.));
#3010=DIRECTION('',(0.,1.,0.));
#3011=DIRECTION('',(-1.,0.,0.));
#3012=DIRECTION('',(-1.,-1.26161707343768E-16,0.));
#3013=DIRECTION('',(-1.,0.,0.));
#3014=DIRECTION('',(0.,0.,1.));
#3015=DIRECTION('',(0.,-1.,0.));
#3016=DIRECTION('',(0.,1.,0.));
#3017=DIRECTION('',(-1.,0.,0.));
#3018=DIRECTION('',(-1.,-1.22219153989275E-16,0.));
#3019=DIRECTION('',(-1.,0.,0.));
#3020=DIRECTION('',(0.,0.,1.));
#3021=DIRECTION('',(0.,-1.,0.));
#3022=DIRECTION('',(0.,0.,1.));
#3023=DIRECTION('',(1.,0.,0.));
#3024=DIRECTION('',(0.,0.,1.));
#3025=DIRECTION('',(0.,0.,1.));
#3026=DIRECTION('',(0.,0.,1.));
#3027=DIRECTION('',(1.,0.,0.));
#3028=DIRECTION('',(0.,0.,1.));
#3029=DIRECTION('',(1.,0.,0.));
#3030=DIRECTION('',(0.,0.,1.));
#3031=DIRECTION('',(0.,0.,1.));
#3032=DIRECTION('',(0.,0.,1.));
#3033=DIRECTION('',(1.,0.,0.));
#3034=DIRECTION('',(0.,0.,1.));
#3035=DIRECTION('',(1.,0.,0.));
#3036=DIRECTION('',(0.,0.,1.));
#3037=DIRECTION('',(0.,0.,1.));
#3038=DIRECTION('',(0.,0.,1.));
#3039=DIRECTION('',(1.,0.,0.));
#3040=DIRECTION('',(0.,0.,1.));
#3041=DIRECTION('',(1.,0.,0.));
#3042=DIRECTION('',(0.,0.,1.));
#3043=DIRECTION('',(0.,0.,1.));
#3044=DIRECTION('',(0.,0.,1.));
#3045=DIRECTION('',(1.,0.,0.));
#3046=DIRECTION('',(-1.,0.,0.));
#3047=DIRECTION('',(0.,-1.,0.));
#3048=DIRECTION('',(-1.82602471155453E-16,-1.,0.));
#3049=DIRECTION('',(0.,-1.,0.));
#3050=DIRECTION('',(0.,0.,-1.));
#3051=DIRECTION('',(1.,0.,0.));
#3052=DIRECTION('',(-1.,0.,0.));
#3053=DIRECTION('',(0.,-1.,0.));
#3054=DIRECTION('',(-1.82602471155453E-16,-1.,0.));
#3055=DIRECTION('',(0.,-1.,0.));
#3056=DIRECTION('',(0.,0.,-1.));
#3057=DIRECTION('',(1.,0.,0.));
#3058=DIRECTION('',(1.,0.,0.));
#3059=DIRECTION('',(0.,0.,-1.));
#3060=DIRECTION('',(0.,-1.,0.));
#3061=DIRECTION('',(0.,1.,0.));
#3062=DIRECTION('',(0.,0.,1.));
#3063=DIRECTION('',(1.,0.,0.));
#3064=DIRECTION('',(1.,0.,0.));
#3065=DIRECTION('',(0.,0.,-1.));
#3066=DIRECTION('',(0.,-1.,0.));
#3067=DIRECTION('',(0.,1.,0.));
#3068=DIRECTION('',(0.,0.,1.));
#3069=DIRECTION('',(1.,0.,0.));
#3070=DIRECTION('',(0.,0.,1.));
#3071=DIRECTION('',(1.,0.,0.));
#3072=DIRECTION('',(0.,0.,1.));
#3073=DIRECTION('',(1.,0.,0.));
#3074=CARTESIAN_POINT('',(0.,0.,0.));
#3075=CARTESIAN_POINT('',(0.0473088134527206,-0.0234617718011141,0.0153));
#3076=CARTESIAN_POINT('',(0.0473088134527206,-0.0234617718011141,0.0173));
#3077=CARTESIAN_POINT('',(0.0473088134527206,-0.0244617718011141,0.0173));
#3078=CARTESIAN_POINT('',(0.0483088134527206,-0.0234617718011141,0.0173));
#3079=CARTESIAN_POINT('',(0.0473088134527206,-0.0244617718011141,0.0183));
#3080=CARTESIAN_POINT('',(0.0473088134527206,-0.0244617718011141,0.0153));
#3081=CARTESIAN_POINT('',(0.0473088134527206,-0.0234617718011141,0.0153));
#3082=CARTESIAN_POINT('',(0.0483088134527206,-0.0234617718011141,0.0153));
#3083=CARTESIAN_POINT('',(0.0483088134527206,-0.0234617718011141,0.0153));
#3084=CARTESIAN_POINT('',(0.0473088134527206,-0.0234617718011141,0.0173));
#3085=CARTESIAN_POINT('',(0.0473088134527206,-0.0234617718011141,0.0173));
#3086=CARTESIAN_POINT('',(0.0473088134527206,-0.0234617718011141,0.0183));
#3087=CARTESIAN_POINT('',(0.0473088134527206,-0.0234617718011141,0.0173));
#3088=CARTESIAN_POINT('',(0.0473088134527206,-0.000677263364195824,0.0173));
#3089=CARTESIAN_POINT('',(0.0473088134527206,0.0221072450727225,0.0173));
#3090=CARTESIAN_POINT('',(0.0473088134527206,0.0221072450727225,0.0183));
#3091=CARTESIAN_POINT('',(0.0483088134527206,0.0221072450727225,0.0173));
#3092=CARTESIAN_POINT('',(0.0473088134527206,-0.000677263364195824,0.0183));
#3093=CARTESIAN_POINT('',(0.0483088134527206,-0.000677263364195824,0.0173));
#3094=CARTESIAN_POINT('',(5.06266951554729E-06,-0.0234617718011141,0.0173));
#3095=CARTESIAN_POINT('',(-0.0472986881136895,-0.0234617718011141,0.0173));
#3096=CARTESIAN_POINT('',(-0.0472986881136895,-0.0244617718011141,0.0173));
#3097=CARTESIAN_POINT('',(-0.0472986881136895,-0.0234617718011141,0.0183));
#3098=CARTESIAN_POINT('',(-0.0482986881136895,-0.0244617718011141,0.0173));
#3099=CARTESIAN_POINT('',(0.0483088134527206,-0.0234617718011141,0.0183));
#3100=CARTESIAN_POINT('',(0.0473088134527206,0.0221072450727225,0.0173));
#3101=CARTESIAN_POINT('',(0.0473088134527206,0.0221072450727225,0.0173));
#3102=CARTESIAN_POINT('',(0.0473088134527206,0.0231072450727224,0.0173));
#3103=CARTESIAN_POINT('',(0.0473088134527206,0.0221072450727225,0.0173));
#3104=CARTESIAN_POINT('',(-0.0472986881136895,-0.0234617718011141,0.0173));
#3105=CARTESIAN_POINT('',(-0.0472986881136895,-0.0234617718011141,0.0173));
#3106=CARTESIAN_POINT('',(-0.0482986881136895,-0.0234617718011141,0.0173));
#3107=CARTESIAN_POINT('',(-0.0472986881136895,-0.0234617718011141,0.0173));
#3108=CARTESIAN_POINT('',(0.0473088134527206,0.0221072450727225,0.0153));
#3109=CARTESIAN_POINT('',(0.0473088134527206,0.0221072450727225,0.0153));
#3110=CARTESIAN_POINT('',(0.0483088134527206,0.0221072450727225,0.0153));
#3111=CARTESIAN_POINT('',(0.0473088134527206,0.0231072450727224,0.0153));
#3112=CARTESIAN_POINT('',(0.0473088134527206,0.0231072450727224,0.0153));
#3113=CARTESIAN_POINT('',(0.0483088134527206,0.0221072450727225,0.0153));
#3114=CARTESIAN_POINT('',(5.06266951554729E-06,0.0221072450727225,0.0173));
#3115=CARTESIAN_POINT('',(-0.0472986881136895,0.0221072450727225,0.0173));
#3116=CARTESIAN_POINT('',(-0.0472986881136895,0.0221072450727225,0.0183));
#3117=CARTESIAN_POINT('',(-0.0472986881136895,0.0231072450727224,0.0173));
#3118=CARTESIAN_POINT('',(5.06266951554729E-06,0.0221072450727225,0.0183));
#3119=CARTESIAN_POINT('',(5.06266951554729E-06,0.0231072450727224,0.0173));
#3120=CARTESIAN_POINT('',(-0.0472986881136895,-0.000677263364195824,0.0173));
#3121=CARTESIAN_POINT('',(-0.0472986881136895,0.0221072450727225,0.0173));
#3122=CARTESIAN_POINT('',(-0.0482986881136895,0.0221072450727225,0.0173));
#3123=CARTESIAN_POINT('',(-0.0482986881136895,0.0231072450727224,0.0173));
#3124=CARTESIAN_POINT('',(-0.0472986881136895,-0.0244617718011141,0.0183));
#3125=CARTESIAN_POINT('',(-0.0472986881136895,-0.0234617718011141,0.0153));
#3126=CARTESIAN_POINT('',(-0.0472986881136895,-0.0234617718011141,0.0153));
#3127=CARTESIAN_POINT('',(-0.0482986881136895,-0.0234617718011141,0.0153));
#3128=CARTESIAN_POINT('',(-0.0472986881136895,-0.0244617718011141,0.0153));
#3129=CARTESIAN_POINT('',(-0.0472986881136895,-0.0244617718011141,0.0153));
#3130=CARTESIAN_POINT('',(-0.0482986881136895,-0.0234617718011141,0.0153));
#3131=CARTESIAN_POINT('',(-0.0472986881136895,0.0221072450727225,0.0173));
#3132=CARTESIAN_POINT('',(-0.0472986881136895,0.0221072450727225,0.0173));
#3133=CARTESIAN_POINT('',(-0.0472986881136895,0.0221072450727225,0.0153));
#3134=CARTESIAN_POINT('',(-0.0472986881136895,0.0231072450727224,0.0183));
#3135=CARTESIAN_POINT('',(-0.0472986881136895,0.0231072450727224,0.0153));
#3136=CARTESIAN_POINT('',(-0.0472986881136895,0.0221072450727225,0.0153));
#3137=CARTESIAN_POINT('',(-0.0482986881136895,0.0221072450727225,0.0153));
#3138=CARTESIAN_POINT('',(-0.0482986881136895,0.0221072450727225,0.0153));
#3139=CARTESIAN_POINT('',(0.0271,-0.0199128,0.0153));
#3140=CARTESIAN_POINT('',(0.0271,-0.0199128,0.0153));
#3141=CARTESIAN_POINT('',(0.0271,-0.0209128,0.0153));
#3142=CARTESIAN_POINT('',(0.0281,-0.0199128,0.0153));
#3143=CARTESIAN_POINT('',(0.0271,-0.0209128,0.0153));
#3144=CARTESIAN_POINT('',(0.0271,-0.0209128,0.0173));
#3145=CARTESIAN_POINT('',(0.0271,-0.0199128,0.0173));
#3146=CARTESIAN_POINT('',(0.0281,-0.0199128,0.0173));
#3147=CARTESIAN_POINT('',(0.0281,-0.0199128,0.0183));
#3148=CARTESIAN_POINT('',(0.0271,-0.0199128,0.0173));
#3149=CARTESIAN_POINT('',(0.0271,-0.0199128,0.0183));
#3150=CARTESIAN_POINT('',(0.0271,-0.0219128,0.0183));
#3151=CARTESIAN_POINT('',(0.0291,-0.0199128,0.0183));
#3152=CARTESIAN_POINT('',(0.0291,-0.0199128,0.0173));
#3153=CARTESIAN_POINT('',(0.0271,-0.0219128,0.0173));
#3154=CARTESIAN_POINT('',(5.06266951554997E-06,-0.0219128,0.0173));
#3155=CARTESIAN_POINT('',(-0.0259,-0.0219128,0.0173));
#3156=CARTESIAN_POINT('',(-0.0259,-0.0219128,0.0183));
#3157=CARTESIAN_POINT('',(-0.0259,-0.0209128,0.0173));
#3158=CARTESIAN_POINT('',(5.06266951554997E-06,-0.0219128,0.0183));
#3159=CARTESIAN_POINT('',(0.000600000000000017,-0.0209128,0.0173));
#3160=CARTESIAN_POINT('',(0.0291,-0.000677263364195824,0.0173));
#3161=CARTESIAN_POINT('',(0.0291,-0.0029128,0.0173));
#3162=CARTESIAN_POINT('',(0.0281,-0.0029128,0.0173));
#3163=CARTESIAN_POINT('',(0.0291,-0.0029128,0.0183));
#3164=CARTESIAN_POINT('',(0.0281,-0.0114128,0.0173));
#3165=CARTESIAN_POINT('',(0.0291,-0.000677263364195824,0.0183));
#3166=CARTESIAN_POINT('',(-0.0259,-0.0199128,0.0173));
#3167=CARTESIAN_POINT('',(-0.0279,-0.0199128,0.0173));
#3168=CARTESIAN_POINT('',(-0.0269,-0.0199128,0.0173));
#3169=CARTESIAN_POINT('',(-0.0279,-0.0199128,0.0183));
#3170=CARTESIAN_POINT('',(-0.0259,-0.0199128,0.0183));
#3171=CARTESIAN_POINT('',(-0.0259,-0.0199128,0.0173));
#3172=CARTESIAN_POINT('',(0.0271,-0.0029128,0.0173));
#3173=CARTESIAN_POINT('',(0.0271,-0.000912799999999983,0.0173));
#3174=CARTESIAN_POINT('',(0.0271,-0.000912799999999989,0.0183));
#3175=CARTESIAN_POINT('',(0.0271,-0.0019128,0.0173));
#3176=CARTESIAN_POINT('',(0.0271,-0.0029128,0.0173));
#3177=CARTESIAN_POINT('',(0.0271,-0.0029128,0.0183));
#3178=CARTESIAN_POINT('',(-0.0259,-0.0199128,0.0153));
#3179=CARTESIAN_POINT('',(-0.0259,-0.0199128,0.0153));
#3180=CARTESIAN_POINT('',(-0.0269,-0.0199128,0.0153));
#3181=CARTESIAN_POINT('',(-0.0259,-0.0209128,0.0153));
#3182=CARTESIAN_POINT('',(-0.0269,-0.0199128,0.0153));
#3183=CARTESIAN_POINT('',(-0.0259,-0.0209128,0.0153));
#3184=CARTESIAN_POINT('',(-0.0279,-0.0114128,0.0173));
#3185=CARTESIAN_POINT('',(-0.0279,-0.0029128,0.0173));
#3186=CARTESIAN_POINT('',(-0.0279,-0.0029128,0.0183));
#3187=CARTESIAN_POINT('',(-0.0269,-0.0029128,0.0173));
#3188=CARTESIAN_POINT('',(-0.0279,-0.0019128,0.0183));
#3189=CARTESIAN_POINT('',(-0.0269,-0.0209128,0.0173));
#3190=CARTESIAN_POINT('',(0.000600000000000017,-0.000912799999999987,0.0173));
#3191=CARTESIAN_POINT('',(-0.0259,-0.00091279999999999,0.0173));
#3192=CARTESIAN_POINT('',(-0.0259,-0.0019128,0.0173));
#3193=CARTESIAN_POINT('',(-0.0259,-0.0009128,0.0183));
#3194=CARTESIAN_POINT('',(-0.0269,-0.0019128,0.0173));
#3195=CARTESIAN_POINT('',(0.0281,-0.000912799999999983,0.0183));
#3196=CARTESIAN_POINT('',(0.0271,-0.0029128,0.0153));
#3197=CARTESIAN_POINT('',(0.0271,-0.0029128,0.0153));
#3198=CARTESIAN_POINT('',(0.0281,-0.0029128,0.0153));
#3199=CARTESIAN_POINT('',(0.0271,-0.0019128,0.0153));
#3200=CARTESIAN_POINT('',(0.0281,-0.0029128,0.0153));
#3201=CARTESIAN_POINT('',(0.0271,-0.0019128,0.0153));
#3202=CARTESIAN_POINT('',(-0.0259,-0.0029128,0.0173));
#3203=CARTESIAN_POINT('',(-0.0259,-0.0029128,0.0173));
#3204=CARTESIAN_POINT('',(-0.0259,-0.0029128,0.0183));
#3205=CARTESIAN_POINT('',(-0.0259,-0.0029128,0.0153));
#3206=CARTESIAN_POINT('',(-0.0269,-0.0029128,0.0183));
#3207=CARTESIAN_POINT('',(-0.0269,-0.0029128,0.0153));
#3208=CARTESIAN_POINT('',(-0.0259,-0.0029128,0.0153));
#3209=CARTESIAN_POINT('',(-0.0259,-0.0019128,0.0153));
#3210=CARTESIAN_POINT('',(-0.0259,-0.0019128,0.0153));
#3211=CARTESIAN_POINT('',(0.033,0.0075472,0.0173));
#3212=CARTESIAN_POINT('',(0.033,0.0075472,0.0173));
#3213=CARTESIAN_POINT('',(0.03625,0.0075472,0.0173));
#3214=CARTESIAN_POINT('',(0.033,0.0075472,0.0183));
#3215=CARTESIAN_POINT('',(0.03725,0.0075472,0.0183));
#3216=CARTESIAN_POINT('',(-0.01215,0.0160822,0.0173));
#3217=CARTESIAN_POINT('',(-0.01215,0.0180822,0.0173));
#3218=CARTESIAN_POINT('',(-0.01215,0.0170822,0.0173));
#3219=CARTESIAN_POINT('',(-0.01215,0.0180822,0.0183));
#3220=CARTESIAN_POINT('',(-0.01215,0.0160822,0.0183));
#3221=CARTESIAN_POINT('',(-0.01415,0.0160822,0.0183));
#3222=CARTESIAN_POINT('',(-0.01415,0.0160822,0.0173));
#3223=CARTESIAN_POINT('',(-0.01315,0.0160822,0.0173));
#3224=CARTESIAN_POINT('',(-0.01215,0.0160822,0.0173));
#3225=CARTESIAN_POINT('',(-0.01415,0.0113322,0.0173));
#3226=CARTESIAN_POINT('',(-0.01415,0.0065822,0.0173));
#3227=CARTESIAN_POINT('',(-0.01415,0.0065822,0.0183));
#3228=CARTESIAN_POINT('',(-0.01315,0.0065822,0.0173));
#3229=CARTESIAN_POINT('',(-0.01315,0.0065822,0.0173));
#3230=CARTESIAN_POINT('',(-0.01415,0.0160822,0.0183));
#3231=CARTESIAN_POINT('',(5.06266951554729E-06,0.0180822,0.0173));
#3232=CARTESIAN_POINT('',(0.01285,0.0180822,0.0173));
#3233=CARTESIAN_POINT('',(0.01285,0.0170822,0.0173));
#3234=CARTESIAN_POINT('',(0.01285,0.0180822,0.0183));
#3235=CARTESIAN_POINT('',(5.06266951554729E-06,0.0180822,0.0183));
#3236=CARTESIAN_POINT('',(0.000350000000000031,0.0170822,0.0173));
#3237=CARTESIAN_POINT('',(-0.01215,0.0065822,0.0173));
#3238=CARTESIAN_POINT('',(-0.01215,0.0045822,0.0173));
#3239=CARTESIAN_POINT('',(-0.01215,0.0045822,0.0183));
#3240=CARTESIAN_POINT('',(-0.01215,0.0055822,0.0173));
#3241=CARTESIAN_POINT('',(-0.01215,0.0065822,0.0173));
#3242=CARTESIAN_POINT('',(-0.01215,0.0065822,0.0183));
#3243=CARTESIAN_POINT('',(0.01285,0.0160822,0.0173));
#3244=CARTESIAN_POINT('',(0.01485,0.0160822,0.0173));
#3245=CARTESIAN_POINT('',(0.01385,0.0160822,0.0173));
#3246=CARTESIAN_POINT('',(0.01485,0.0160822,0.0183));
#3247=CARTESIAN_POINT('',(0.01285,0.0160822,0.0183));
#3248=CARTESIAN_POINT('',(0.01285,0.0160822,0.0173));
#3249=CARTESIAN_POINT('',(0.000350000000000029,0.0045822,0.0173));
#3250=CARTESIAN_POINT('',(0.01285,0.0045822,0.0173));
#3251=CARTESIAN_POINT('',(0.01285,0.0045822,0.0183));
#3252=CARTESIAN_POINT('',(0.01285,0.0055822,0.0173));
#3253=CARTESIAN_POINT('',(0.01285,0.0055822,0.0173));
#3254=CARTESIAN_POINT('',(-0.01215,0.0045822,0.0183));
#3255=CARTESIAN_POINT('',(0.01485,-0.000677263364195826,0.0173));
#3256=CARTESIAN_POINT('',(0.01485,0.0065822,0.0173));
#3257=CARTESIAN_POINT('',(0.01385,0.0065822,0.0173));
#3258=CARTESIAN_POINT('',(0.01485,0.0065822,0.0183));
#3259=CARTESIAN_POINT('',(0.01485,-0.000677263364195826,0.0183));
#3260=CARTESIAN_POINT('',(0.01385,0.0113322,0.0173));
#3261=CARTESIAN_POINT('',(0.01285,0.0065822,0.0173));
#3262=CARTESIAN_POINT('',(0.01285,0.0065822,0.0183));
#3263=CARTESIAN_POINT('',(0.01285,0.0065822,0.0173));
#3264=CARTESIAN_POINT('',(5.06266951554729E-06,-0.000677263364195824,0.0183));
#3265=CARTESIAN_POINT('',(-0.0421839687339557,0.0131228746469512,0.0183));
#3266=CARTESIAN_POINT('',(-0.0423021566426698,0.013092748317279,0.0183));
#3267=CARTESIAN_POINT('',(-0.0423021566426698,0.0129907822783884,0.0183));
#3268=CARTESIAN_POINT('',(-0.0421882640709058,0.0131217454609737,0.0183));
#3269=CARTESIAN_POINT('',(-0.0423021566426698,0.0129907822783884,0.0183));
#3270=CARTESIAN_POINT('',(-0.0423021566426698,0.00929683077857865,0.0183));
#3271=CARTESIAN_POINT('',(-0.0423021566426698,0.00560287927876891,0.0183));
#3272=CARTESIAN_POINT('',(-0.0423021566426698,0.00560287927876891,0.0183));
#3273=CARTESIAN_POINT('',(-0.0423021566426698,0.0055009132398783,0.0183));
#3274=CARTESIAN_POINT('',(-0.0421839687339557,0.00547078691020608,0.0183));
#3275=CARTESIAN_POINT('',(-0.0421882640709063,0.00547191609618216,0.0183));
#3276=CARTESIAN_POINT('',(-0.0412531356091719,0.0111967754973589,0.0183));
#3277=CARTESIAN_POINT('',(-0.0412940833036377,0.00539662979101291,0.0183));
#3278=CARTESIAN_POINT('',(-0.0412940833036377,0.00539662979101291,0.0183));
#3279=CARTESIAN_POINT('',(-0.0395583432325225,0.00539662979101291,0.0183));
#3280=CARTESIAN_POINT('',(-0.0387426149213977,0.00633865694576363,0.0183));
#3281=CARTESIAN_POINT('',(-0.0387426149213977,0.00633865694576363,0.0183));
#3282=CARTESIAN_POINT('',(-0.0387426149213977,0.00633865694576363,0.0183));
#3283=CARTESIAN_POINT('',(-0.0379268866102729,0.00728068410051436,0.0183));
#3284=CARTESIAN_POINT('',(-0.0379268866102729,0.00944514501696499,0.0183));
#3285=CARTESIAN_POINT('',(-0.0379268866102729,0.00944514501696499,0.0183));
#3286=CARTESIAN_POINT('',(-0.0379268866102729,0.00944514501696499,0.0183));
#3287=CARTESIAN_POINT('',(-0.0379268866102729,0.0113871345758361,0.0183));
#3288=CARTESIAN_POINT('',(-0.0387576780862338,0.0122920831709902,0.0183));
#3289=CARTESIAN_POINT('',(-0.0387576780862338,0.0122920831709902,0.0183));
#3290=CARTESIAN_POINT('',(-0.0387576780862338,0.0122920831709902,0.0183));
#3291=CARTESIAN_POINT('',(-0.0395884695621948,0.0131970317661444,0.0183));
#3292=CARTESIAN_POINT('',(-0.0412940833036377,0.0131970317661444,0.0183));
#3293=CARTESIAN_POINT('',(-0.0412940833036377,0.0131970317661444,0.0183));
#3294=CARTESIAN_POINT('',(-0.0412531356091719,0.00739688605979905,0.0183));
#3295=CARTESIAN_POINT('',(-0.0309711805709511,0.00929683077857865,0.0188));
#3296=CARTESIAN_POINT('',(-0.043429908899345,0.00474864872718405,0.0188));
#3297=CARTESIAN_POINT('',(-0.0435187595061379,0.00383971261440967,0.0188));
#3298=CARTESIAN_POINT('',(-0.0441259279633223,0.00415800052672516,0.018799999875));
#3299=CARTESIAN_POINT('',(-0.0413960493425283,0.00373504683909096,0.0188));
#3300=CARTESIAN_POINT('',(-0.0425686587897702,0.00373504683909096,0.0188));
#3301=CARTESIAN_POINT('',(-0.0435187968794328,0.00383933028795636,0.0188));
#3302=CARTESIAN_POINT('',(-0.0413960493425283,0.00373504683909096,0.0188));
#3303=CARTESIAN_POINT('',(-0.037355645051488,0.00516604749852165,0.0188));
#3304=CARTESIAN_POINT('',(-0.0387565193812464,0.00373504683909096,0.0188));
#3305=CARTESIAN_POINT('',(-0.0413960493425283,0.00373504683909096,0.0188));
#3306=CARTESIAN_POINT('',(-0.037355645051488,0.00516604749852165,0.0188));
#3307=CARTESIAN_POINT('',(-0.0359547707217295,0.00944514501696499,0.0188));
#3308=CARTESIAN_POINT('',(-0.0359547707217295,0.00659704815795233,0.0188));
#3309=CARTESIAN_POINT('',(-0.037355645051488,0.00516604749852165,0.0188));
#3310=CARTESIAN_POINT('',(-0.0359547707217295,0.00944514501696499,0.0188));
#3311=CARTESIAN_POINT('',(-0.037355645051488,0.0134797557830683,0.0188));
#3312=CARTESIAN_POINT('',(-0.0359547707217295,0.0121008968480704,0.0188));
#3313=CARTESIAN_POINT('',(-0.0359547707217295,0.00944514501696499,0.0188));
#3314=CARTESIAN_POINT('',(-0.037355645051488,0.0134797557830683,0.0188));
#3315=CARTESIAN_POINT('',(-0.0413960493425283,0.0148586147180663,0.0188));
#3316=CARTESIAN_POINT('',(-0.0387565193812464,0.0148586147180663,0.0188));
#3317=CARTESIAN_POINT('',(-0.037355645051488,0.0134797557830683,0.0188));
#3318=CARTESIAN_POINT('',(-0.0413960493425283,0.0148586147180663,0.0188));
#3319=CARTESIAN_POINT('',(-0.0435377996412261,0.0147522456002236,0.0188));
#3320=CARTESIAN_POINT('',(-0.0435282982603295,0.0147532884347122,0.0188));
#3321=CARTESIAN_POINT('',(-0.0435187968794328,0.0147543312692009,0.0188));
#3322=CARTESIAN_POINT('',(-0.0425686587897702,0.0148586147180663,0.0188));
#3323=CARTESIAN_POINT('',(-0.0413960493425283,0.0148586147180663,0.0188));
#3324=CARTESIAN_POINT('',(-0.0435187595061378,0.0147539489427469,0.0188));
#3325=CARTESIAN_POINT('',(-0.0434299088993551,0.01384501282999,0.0188));
#3326=CARTESIAN_POINT('',(-0.0441259279444255,0.0144356610520688,0.0188));
#3327=CARTESIAN_POINT('',(-0.0434063194238232,0.0138067761178354,0.0188));
#3328=CARTESIAN_POINT('',(-0.0443620256630248,0.0137902953657269,0.018799999875));
#3329=CARTESIAN_POINT('',(-0.044362334110255,0.00929683077857865,0.0188));
#3330=CARTESIAN_POINT('',(-0.0443620256630248,0.00480336619143034,0.0188));
#3331=CARTESIAN_POINT('',(-0.0434063194238231,0.0047868854393219,0.0188));
#3332=CARTESIAN_POINT('',(-0.0423021566426698,0.00929683077857865,0.0188));
#3333=CARTESIAN_POINT('',(-0.0423021566426698,0.0129907822783884,0.0188));
#3334=CARTESIAN_POINT('',(-0.0423021566426698,0.00560287927876891,0.0188));
#3335=CARTESIAN_POINT('',(-0.0421839687339557,0.0131228746469512,0.0188));
#3336=CARTESIAN_POINT('',(-0.0423021566426698,0.013092748317279,0.0188));
#3337=CARTESIAN_POINT('',(-0.0423021566426698,0.0129907822783884,0.0188));
#3338=CARTESIAN_POINT('',(-0.0421882640709058,0.0131217454609737,0.0188));
#3339=CARTESIAN_POINT('',(-0.0412531356091719,0.00739688605979905,0.0188));
#3340=CARTESIAN_POINT('',(-0.0412940833036377,0.0131970317661444,0.0188));
#3341=CARTESIAN_POINT('',(-0.0387576780862338,0.0122920831709902,0.0188));
#3342=CARTESIAN_POINT('',(-0.0395884695621948,0.0131970317661444,0.0188));
#3343=CARTESIAN_POINT('',(-0.0412940833036377,0.0131970317661444,0.0188));
#3344=CARTESIAN_POINT('',(-0.0387576780862338,0.0122920831709902,0.0188));
#3345=CARTESIAN_POINT('',(-0.0379268866102729,0.00944514501696499,0.0188));
#3346=CARTESIAN_POINT('',(-0.0379268866102729,0.0113871345758361,0.0188));
#3347=CARTESIAN_POINT('',(-0.0387576780862338,0.0122920831709902,0.0188));
#3348=CARTESIAN_POINT('',(-0.0379268866102729,0.00944514501696499,0.0188));
#3349=CARTESIAN_POINT('',(-0.0387426149213977,0.00633865694576363,0.0188));
#3350=CARTESIAN_POINT('',(-0.0379268866102729,0.00728068410051436,0.0188));
#3351=CARTESIAN_POINT('',(-0.0379268866102729,0.00944514501696499,0.0188));
#3352=CARTESIAN_POINT('',(-0.0387426149213977,0.00633865694576363,0.0188));
#3353=CARTESIAN_POINT('',(-0.0412940833036377,0.00539662979101291,0.0188));
#3354=CARTESIAN_POINT('',(-0.0395583432325225,0.00539662979101291,0.0188));
#3355=CARTESIAN_POINT('',(-0.0387426149213977,0.00633865694576363,0.0188));
#3356=CARTESIAN_POINT('',(-0.0412940833036377,0.00539662979101291,0.0188));
#3357=CARTESIAN_POINT('',(-0.0412531356091719,0.0111967754973589,0.0188));
#3358=CARTESIAN_POINT('',(-0.0421882640709063,0.00547191609618216,0.0188));
#3359=CARTESIAN_POINT('',(-0.0423021566426698,0.00560287927876891,0.0188));
#3360=CARTESIAN_POINT('',(-0.0423021566426698,0.0055009132398783,0.0188));
#3361=CARTESIAN_POINT('',(-0.0421839687339557,0.00547078691020608,0.0188));
#3362=CARTESIAN_POINT('',(-0.0434063194238231,0.0047868854393219,0.0188));
#3363=CARTESIAN_POINT('',(-0.0434063194238231,0.0047868854393219,0.0183));
#3364=CARTESIAN_POINT('',(-0.0441259279633223,0.00415800052672517,0.0183));
#3365=CARTESIAN_POINT('',(-0.0443620256630248,0.00480336619143034,0.0183));
#3366=CARTESIAN_POINT('',(-0.0441261766030085,0.00415778312471107,0.0183));
#3367=CARTESIAN_POINT('',(-0.0441261766030085,0.00415778312471107,0.018466666625));
#3368=CARTESIAN_POINT('',(-0.0441261766030085,0.00415778312471107,0.01863333325));
#3369=CARTESIAN_POINT('',(-0.0441261766030085,0.00415778312471107,0.018799999875));
#3370=CARTESIAN_POINT('',(-0.044362334110255,0.00480337283746755,0.0183));
#3371=CARTESIAN_POINT('',(-0.044362334110255,0.00480337283746755,0.0184666666666667));
#3372=CARTESIAN_POINT('',(-0.044362334110255,0.00480337283746755,0.0186333333333333));
#3373=CARTESIAN_POINT('',(-0.044362334110255,0.00480337283746755,0.0188));
#3374=CARTESIAN_POINT('',(-0.0421882640715058,0.00547191609634466,0.0183));
#3375=CARTESIAN_POINT('',(-0.0421882640715058,0.00547191609634466,0.0188));
#3376=CARTESIAN_POINT('',(-0.0422641924457489,0.00549249421612675,0.0183));
#3377=CARTESIAN_POINT('',(-0.0422641924457489,0.00549249421612675,0.0188));
#3378=CARTESIAN_POINT('',(-0.042302156636137,0.0055361486045267,0.0183));
#3379=CARTESIAN_POINT('',(-0.042302156636137,0.0055361486045267,0.0188));
#3380=CARTESIAN_POINT('',(-0.0423021566426698,0.00560287926154446,0.0183));
#3381=CARTESIAN_POINT('',(-0.0423021566426698,0.00560287926154446,0.0188));
#3382=CARTESIAN_POINT('',(-0.0423021566426698,0.00560287927876891,0.0188));
#3383=CARTESIAN_POINT('',(-0.0421882640709207,0.00547191609618606,0.0188));
#3384=CARTESIAN_POINT('',(-0.0412531356091719,0.0111967754973589,0.0188000000000004));
#3385=CARTESIAN_POINT('',(-0.0412940864153513,0.00539618902402033,0.0188));
#3386=CARTESIAN_POINT('',(-0.0412940864153513,0.00539618902402033,0.0186333333333333));
#3387=CARTESIAN_POINT('',(-0.0412940864153513,0.00539618902402033,0.0184666666666667));
#3388=CARTESIAN_POINT('',(-0.0412940864153513,0.00539618902402033,0.0183));
#3389=CARTESIAN_POINT('',(-0.03874261497185,0.00633865688749983,0.0183));
#3390=CARTESIAN_POINT('',(-0.03874261497185,0.00633865688749983,0.0188));
#3391=CARTESIAN_POINT('',(-0.0392864343355097,0.00571063826028067,0.0183));
#3392=CARTESIAN_POINT('',(-0.0392864343355097,0.00571063826028067,0.0188));
#3393=CARTESIAN_POINT('',(-0.0401369248166066,0.00539662922811984,0.0183));
#3394=CARTESIAN_POINT('',(-0.0401369248166066,0.00539662922811984,0.0188));
#3395=CARTESIAN_POINT('',(-0.0412940864151369,0.00539662979101367,0.0183));
#3396=CARTESIAN_POINT('',(-0.0412940864151369,0.00539662979101367,0.0188));
#3397=CARTESIAN_POINT('',(-0.0387426149213977,0.00633865694576363,0.0188));
#3398=CARTESIAN_POINT('',(-0.0379268866102729,0.00944514497588074,0.0183));
#3399=CARTESIAN_POINT('',(-0.0379268866102729,0.00944514497588074,0.0188));
#3400=CARTESIAN_POINT('',(-0.0379268866154341,0.00800217110559116,0.0183));
#3401=CARTESIAN_POINT('',(-0.0379268866154341,0.00800217110559116,0.0188));
#3402=CARTESIAN_POINT('',(-0.038198796032659,0.00696667511843697,0.0183));
#3403=CARTESIAN_POINT('',(-0.038198796032659,0.00696667511843697,0.0188));
#3404=CARTESIAN_POINT('',(-0.0387426148619478,0.00633865701441814,0.0183));
#3405=CARTESIAN_POINT('',(-0.0387426148619478,0.00633865701441814,0.0188));
#3406=CARTESIAN_POINT('',(-0.0379268866102729,0.00944514501696499,0.0188));
#3407=CARTESIAN_POINT('',(-0.0387576780612933,0.0122920831438235,0.0183));
#3408=CARTESIAN_POINT('',(-0.0387576780612933,0.0122920831438235,0.0188));
#3409=CARTESIAN_POINT('',(-0.0382038170972801,0.0116887840826971,0.0183));
#3410=CARTESIAN_POINT('',(-0.0382038170972801,0.0116887840826971,0.0188));
#3411=CARTESIAN_POINT('',(-0.0379268866136067,0.0107398047148706,0.0183));
#3412=CARTESIAN_POINT('',(-0.0379268866136067,0.0107398047148706,0.0188));
#3413=CARTESIAN_POINT('',(-0.0379268866102729,0.00944514504034383,0.0183));
#3414=CARTESIAN_POINT('',(-0.0379268866102729,0.00944514504034383,0.0188));
#3415=CARTESIAN_POINT('',(-0.0387576780862338,0.0122920831709902,0.0188));
#3416=CARTESIAN_POINT('',(-0.041294086415138,0.0131970317661436,0.0183));
#3417=CARTESIAN_POINT('',(-0.041294086415138,0.0131970317661436,0.0188));
#3418=CARTESIAN_POINT('',(-0.0401570090183701,0.013197032316433,0.0183));
#3419=CARTESIAN_POINT('',(-0.0401570090183701,0.013197032316433,0.0188));
#3420=CARTESIAN_POINT('',(-0.0393115395753995,0.0128953827847149,0.0183));
#3421=CARTESIAN_POINT('',(-0.0393115395753995,0.0128953827847149,0.0188));
#3422=CARTESIAN_POINT('',(-0.0387576780862297,0.0122920831709857,0.0183));
#3423=CARTESIAN_POINT('',(-0.0387576780862297,0.0122920831709857,0.0188));
#3424=CARTESIAN_POINT('',(-0.0412940864153513,0.013197472533137,0.0183));
#3425=CARTESIAN_POINT('',(-0.0412940864153513,0.013197472533137,0.0184666666666667));
#3426=CARTESIAN_POINT('',(-0.0412940864153513,0.013197472533137,0.0186333333333333));
#3427=CARTESIAN_POINT('',(-0.0412940864153513,0.013197472533137,0.0188));
#3428=CARTESIAN_POINT('',(-0.0412531356091719,0.00739688605979905,0.0188000000000004));
#3429=CARTESIAN_POINT('',(-0.04218826407092,0.0131217454609682,0.0188));
#3430=CARTESIAN_POINT('',(-0.0423021566426698,0.0129907822956128,0.0183));
#3431=CARTESIAN_POINT('',(-0.0423021566426698,0.0129907822956128,0.0188));
#3432=CARTESIAN_POINT('',(-0.042302156636137,0.0130575129521214,0.0183));
#3433=CARTESIAN_POINT('',(-0.042302156636137,0.0130575129521214,0.0188));
#3434=CARTESIAN_POINT('',(-0.0422641924463284,0.0131011673403642,0.0183));
#3435=CARTESIAN_POINT('',(-0.0422641924463284,0.0131011673403642,0.0188));
#3436=CARTESIAN_POINT('',(-0.0421882640732442,0.0131217454603415,0.0183));
#3437=CARTESIAN_POINT('',(-0.0421882640732442,0.0131217454603415,0.0188));
#3438=CARTESIAN_POINT('',(-0.0423021566426698,0.0129907822783884,0.0188));
#3439=CARTESIAN_POINT('',(-0.0423021566426698,0.00929683077857865,0.0188));
#3440=CARTESIAN_POINT('',(-0.044362334110255,0.00929683077857865,0.0188));
#3441=CARTESIAN_POINT('',(-0.044362334110255,0.00929683077857865,0.0183));
#3442=CARTESIAN_POINT('',(-0.0443620256630248,0.0137902953657269,0.0183));
#3443=CARTESIAN_POINT('',(-0.044362334110255,0.0137902887196897,0.01879999975));
#3444=CARTESIAN_POINT('',(-0.044362334110255,0.0137902887196897,0.0186333331666667));
#3445=CARTESIAN_POINT('',(-0.044362334110255,0.0137902887196897,0.0184666665833333));
#3446=CARTESIAN_POINT('',(-0.044362334110255,0.0137902887196897,0.0183));
#3447=CARTESIAN_POINT('',(-0.0434063194238232,0.0138067761178354,0.0188));
#3448=CARTESIAN_POINT('',(-0.0434063194238232,0.0138067761178354,0.0183));
#3449=CARTESIAN_POINT('',(-0.0441259279444255,0.0144356610520688,0.0183));
#3450=CARTESIAN_POINT('',(-0.0441261766030085,0.0144358784324463,0.0188));
#3451=CARTESIAN_POINT('',(-0.0441261766030085,0.0144358784324463,0.0186333333333333));
#3452=CARTESIAN_POINT('',(-0.0441261766030085,0.0144358784324463,0.0184666666666667));
#3453=CARTESIAN_POINT('',(-0.0441261766030085,0.0144358784324463,0.0183));
#3454=CARTESIAN_POINT('',(-0.0434299088993551,0.01384501282999,0.0188));
#3455=CARTESIAN_POINT('',(-0.0434299088993551,0.01384501282999,0.0183));
#3456=CARTESIAN_POINT('',(-0.0435187595061378,0.0147539489427469,0.0183));
#3457=CARTESIAN_POINT('',(-0.0435187221328429,0.014753566616293,0.0188));
#3458=CARTESIAN_POINT('',(-0.0435187221328429,0.014753566616293,0.0186333333333333));
#3459=CARTESIAN_POINT('',(-0.0435187221328429,0.014753566616293,0.0184666666666667));
#3460=CARTESIAN_POINT('',(-0.0435187221328429,0.014753566616293,0.0183));
#3461=CARTESIAN_POINT('',(-0.0435188059493951,0.0147543302737143,0.0188));
#3462=CARTESIAN_POINT('',(-0.0435188059493951,0.0147543302737143,0.0183));
#3463=CARTESIAN_POINT('',(-0.042885378240976,0.0148238532366024,0.0188));
#3464=CARTESIAN_POINT('',(-0.042885378240976,0.0148238532366024,0.0183));
#3465=CARTESIAN_POINT('',(-0.042177792705493,0.0148586147180541,0.0188));
#3466=CARTESIAN_POINT('',(-0.042177792705493,0.0148586147180541,0.0183));
#3467=CARTESIAN_POINT('',(-0.0413960493429388,0.0148586147180663,0.0188));
#3468=CARTESIAN_POINT('',(-0.0413960493429388,0.0148586147180663,0.0183));
#3469=CARTESIAN_POINT('',(-0.0435377996412261,0.0147522456002236,0.0183));
#3470=CARTESIAN_POINT('',(-0.0435282982603295,0.0147532884347122,0.0183));
#3471=CARTESIAN_POINT('',(-0.0435187968794328,0.0147543312692009,0.0183));
#3472=CARTESIAN_POINT('',(-0.0425686587897702,0.0148586147180663,0.0183));
#3473=CARTESIAN_POINT('',(-0.0413960493425283,0.0148586147180663,0.0183));
#3474=CARTESIAN_POINT('',(-0.0413960493425283,0.0148586147180663,0.0183));
#3475=CARTESIAN_POINT('',(-0.0413960493425283,0.0148586147180663,0.0188));
#3476=CARTESIAN_POINT('',(-0.0413960493327102,0.0148586147180663,0.0188));
#3477=CARTESIAN_POINT('',(-0.0413960493327102,0.0148586147180663,0.0183));
#3478=CARTESIAN_POINT('',(-0.0396363626966618,0.0148586147163567,0.0188));
#3479=CARTESIAN_POINT('',(-0.0396363626966618,0.0148586147163567,0.0183));
#3480=CARTESIAN_POINT('',(-0.0382895612695865,0.0143989950713562,0.0188));
#3481=CARTESIAN_POINT('',(-0.0382895612695865,0.0143989950713562,0.0183));
#3482=CARTESIAN_POINT('',(-0.0373556450514844,0.0134797557830647,0.0188));
#3483=CARTESIAN_POINT('',(-0.0373556450514844,0.0134797557830647,0.0183));
#3484=CARTESIAN_POINT('',(-0.0413960493425283,0.0148586147180663,0.0183));
#3485=CARTESIAN_POINT('',(-0.0387565193812464,0.0148586147180663,0.0183));
#3486=CARTESIAN_POINT('',(-0.037355645051488,0.0134797557830683,0.0183));
#3487=CARTESIAN_POINT('',(-0.037355645051488,0.0134797557830683,0.0183));
#3488=CARTESIAN_POINT('',(-0.037355645051488,0.0134797557830683,0.0188));
#3489=CARTESIAN_POINT('',(-0.0373556450514918,0.0134797557830721,0.0188));
#3490=CARTESIAN_POINT('',(-0.0373556450514918,0.0134797557830721,0.0183));
#3491=CARTESIAN_POINT('',(-0.0364217288335585,0.0125605164949517,0.0188));
#3492=CARTESIAN_POINT('',(-0.0364217288335585,0.0125605164949517,0.0183));
#3493=CARTESIAN_POINT('',(-0.0359547707236378,0.0112156462432002,0.0188));
#3494=CARTESIAN_POINT('',(-0.0359547707236378,0.0112156462432002,0.0183));
#3495=CARTESIAN_POINT('',(-0.0359547707217295,0.00944514502781785,0.0188));
#3496=CARTESIAN_POINT('',(-0.0359547707217295,0.00944514502781785,0.0183));
#3497=CARTESIAN_POINT('',(-0.037355645051488,0.0134797557830683,0.0183));
#3498=CARTESIAN_POINT('',(-0.0359547707217295,0.0121008968480704,0.0183));
#3499=CARTESIAN_POINT('',(-0.0359547707217295,0.00944514501696499,0.0183));
#3500=CARTESIAN_POINT('',(-0.0359547707217295,0.00944514501696499,0.0183));
#3501=CARTESIAN_POINT('',(-0.0359547707217295,0.00944514501696499,0.0188));
#3502=CARTESIAN_POINT('',(-0.0359547707217295,0.00944514499939409,0.0188));
#3503=CARTESIAN_POINT('',(-0.0359547707217295,0.00944514499939409,0.0183));
#3504=CARTESIAN_POINT('',(-0.0359547707246103,0.00754641376871791,0.0188));
#3505=CARTESIAN_POINT('',(-0.0359547707246103,0.00754641376871791,0.0183));
#3506=CARTESIAN_POINT('',(-0.0364217288345817,0.0061200479350407,0.0188));
#3507=CARTESIAN_POINT('',(-0.0364217288345817,0.0061200479350407,0.0183));
#3508=CARTESIAN_POINT('',(-0.0373556450516437,0.00516604749836255,0.0188));
#3509=CARTESIAN_POINT('',(-0.0373556450516437,0.00516604749836255,0.0183));
#3510=CARTESIAN_POINT('',(-0.0359547707217295,0.00944514501696499,0.0183));
#3511=CARTESIAN_POINT('',(-0.0359547707217295,0.00659704815795233,0.0183));
#3512=CARTESIAN_POINT('',(-0.037355645051488,0.00516604749852165,0.0183));
#3513=CARTESIAN_POINT('',(-0.037355645051488,0.00516604749852165,0.0183));
#3514=CARTESIAN_POINT('',(-0.037355645051488,0.00516604749852165,0.0188));
#3515=CARTESIAN_POINT('',(-0.0373556450514844,0.00516604749852536,0.0188));
#3516=CARTESIAN_POINT('',(-0.0373556450514844,0.00516604749852536,0.0183));
#3517=CARTESIAN_POINT('',(-0.0382895612698261,0.00421204706043189,0.0188));
#3518=CARTESIAN_POINT('',(-0.0382895612698261,0.00421204706043189,0.0183));
#3519=CARTESIAN_POINT('',(-0.0396363626973529,0.00373504684062044,0.0188));
#3520=CARTESIAN_POINT('',(-0.0396363626973529,0.00373504684062044,0.0183));
#3521=CARTESIAN_POINT('',(-0.0413960493340648,0.00373504683909096,0.0188));
#3522=CARTESIAN_POINT('',(-0.0413960493340648,0.00373504683909096,0.0183));
#3523=CARTESIAN_POINT('',(-0.037355645051488,0.00516604749852165,0.0183));
#3524=CARTESIAN_POINT('',(-0.0387565193812464,0.00373504683909096,0.0183));
#3525=CARTESIAN_POINT('',(-0.0413960493425283,0.00373504683909096,0.0183));
#3526=CARTESIAN_POINT('',(-0.0413960493425283,0.00373504683909096,0.0183));
#3527=CARTESIAN_POINT('',(-0.0413960493425283,0.00373504683909096,0.0188));
#3528=CARTESIAN_POINT('',(-0.0413960493429388,0.00373504683909096,0.0188));
#3529=CARTESIAN_POINT('',(-0.0413960493429388,0.00373504683909096,0.0183));
#3530=CARTESIAN_POINT('',(-0.0421777927054929,0.00373504683910313,0.0188));
#3531=CARTESIAN_POINT('',(-0.0421777927054929,0.00373504683910313,0.0183));
#3532=CARTESIAN_POINT('',(-0.042885378240976,0.00376980832055489,0.0188));
#3533=CARTESIAN_POINT('',(-0.042885378240976,0.00376980832055489,0.0183));
#3534=CARTESIAN_POINT('',(-0.0435188059493951,0.00383933128344296,0.0188));
#3535=CARTESIAN_POINT('',(-0.0435188059493951,0.00383933128344296,0.0183));
#3536=CARTESIAN_POINT('',(-0.0413960493425283,0.00373504683909096,0.0183));
#3537=CARTESIAN_POINT('',(-0.0425686587897702,0.00373504683909096,0.0183));
#3538=CARTESIAN_POINT('',(-0.0435187968794328,0.00383933028795636,0.0183));
#3539=CARTESIAN_POINT('',(-0.0435187595061379,0.00383971261440967,0.0183));
#3540=CARTESIAN_POINT('',(-0.043518722132843,0.00384009494086299,0.0183));
#3541=CARTESIAN_POINT('',(-0.043518722132843,0.00384009494086299,0.0184666666666667));
#3542=CARTESIAN_POINT('',(-0.043518722132843,0.00384009494086299,0.0186333333333333));
#3543=CARTESIAN_POINT('',(-0.043518722132843,0.00384009494086299,0.0188));
#3544=CARTESIAN_POINT('',(-0.043429908899345,0.00474864872718405,0.0188));
#3545=CARTESIAN_POINT('',(-0.043429908899345,0.00474864872718405,0.0183));
#3546=CARTESIAN_POINT('',(-0.0309711805709511,0.00929683077857865,0.0188));
#3547=CARTESIAN_POINT('',(-0.0312828722125598,0.00845097613778156,0.0188));
#3548=CARTESIAN_POINT('',(-0.0330626430731959,0.00904423309132692,0.0188));
#3549=CARTESIAN_POINT('',(-0.0338551972845729,0.009890087732124,0.0188));
#3550=CARTESIAN_POINT('',(-0.0312828722125598,0.00845097613778156,0.0188));
#3551=CARTESIAN_POINT('',(-0.0338551972845729,0.009890087732124,0.0188));
#3552=CARTESIAN_POINT('',(-0.030081295140633,0.00777660983511868,0.0188));
#3553=CARTESIAN_POINT('',(-0.0304370175717627,0.00815434766100888,0.0188));
#3554=CARTESIAN_POINT('',(-0.0312828722125598,0.00845097613778156,0.0188));
#3555=CARTESIAN_POINT('',(-0.030081295140633,0.00777660983511868,0.0188));
#3556=CARTESIAN_POINT('',(-0.0297255727095033,0.00681951951553184,0.0188));
#3557=CARTESIAN_POINT('',(-0.0297255727095033,0.00739887200922847,0.0188));
#3558=CARTESIAN_POINT('',(-0.030081295140633,0.00777660983511868,0.0188));
#3559=CARTESIAN_POINT('',(-0.0297255727095033,0.00681951951553184,0.0188));
#3560=CARTESIAN_POINT('',(-0.03160730960903,0.00539662979101291,0.0188));
#3561=CARTESIAN_POINT('',(-0.0297255727095033,0.00539662979101291,0.0188));
#3562=CARTESIAN_POINT('',(-0.0297255727095033,0.00681951951553184,0.0188));
#3563=CARTESIAN_POINT('',(-0.03160730960903,0.00539662979101291,0.0188));
#3564=CARTESIAN_POINT('',(-0.0316174124193779,0.00994498019778355,0.0188));
#3565=CARTESIAN_POINT('',(-0.03366980448659,0.00588560329569287,0.0188));
#3566=CARTESIAN_POINT('',(-0.0341599366962573,0.00587749236078111,0.0188));
#3567=CARTESIAN_POINT('',(-0.0339224021738417,0.00600379120440698,0.0188));
#3568=CARTESIAN_POINT('',(-0.03366980448659,0.00588560329569287,0.0188));
#3569=CARTESIAN_POINT('',(-0.0341599366962573,0.00587749236078111,0.0188));
#3570=CARTESIAN_POINT('',(-0.034397471218673,0.00547078691020608,0.0188));
#3571=CARTESIAN_POINT('',(-0.034397471218673,0.00575119351715525,0.0188));
#3572=CARTESIAN_POINT('',(-0.0341599366962573,0.00587749236078111,0.0188));
#3573=CARTESIAN_POINT('',(-0.034397471218673,0.00547078691020608,0.0188));
#3574=CARTESIAN_POINT('',(-0.0343969724277944,0.00538156662617679,0.0188));
#3575=CARTESIAN_POINT('',(-0.0343971614451087,0.00529234117561487,0.0188));
#3576=CARTESIAN_POINT('',(-0.0330401969881404,0.00527423659380868,0.0188));
#3577=CARTESIAN_POINT('',(-0.0341970034654894,0.00456584342111128,0.0188));
#3578=CARTESIAN_POINT('',(-0.03326621604554,0.00512580727723689,0.0188));
#3579=CARTESIAN_POINT('',(-0.0336396781569177,0.00410583243505681,0.0188));
#3580=CARTESIAN_POINT('',(-0.0314589953706436,0.00373504683909096,0.0188));
#3581=CARTESIAN_POINT('',(-0.0326617311475578,0.00373504683909096,0.0188));
#3582=CARTESIAN_POINT('',(-0.0336396781569177,0.00410583243505681,0.0188));
#3583=CARTESIAN_POINT('',(-0.0314589953706436,0.00373504683909096,0.0188));
#3584=CARTESIAN_POINT('',(-0.0276190470424223,0.00684964584520406,0.0188));
#3585=CARTESIAN_POINT('',(-0.0276190470424223,0.00373504683909096,0.0188));
#3586=CARTESIAN_POINT('',(-0.0314589953706436,0.00373504683909096,0.0188));
#3587=CARTESIAN_POINT('',(-0.0276190470424223,0.00684964584520406,0.0188));
#3588=CARTESIAN_POINT('',(-0.0283976967939506,0.00895617151228503,0.0188));
#3589=CARTESIAN_POINT('',(-0.0276190470424223,0.00814044320116017,0.0188));
#3590=CARTESIAN_POINT('',(-0.0276190470424223,0.00684964584520406,0.0188));
#3591=CARTESIAN_POINT('',(-0.0283976967939506,0.00895617151228503,0.0188));
#3592=CARTESIAN_POINT('',(-0.0311785887636944,0.0104091875664762,0.0188));
#3593=CARTESIAN_POINT('',(-0.0291763465454789,0.00977189982340989,0.0188));
#3594=CARTESIAN_POINT('',(-0.0283976967939506,0.00895617151228503,0.0188));
#3595=CARTESIAN_POINT('',(-0.0311785887636944,0.0104091875664762,0.0188));
#3596=CARTESIAN_POINT('',(-0.0325713521585412,0.0119363607398605,0.0188));
#3597=CARTESIAN_POINT('',(-0.0325713521585412,0.0108680347414839,0.0188));
#3598=CARTESIAN_POINT('',(-0.0311785887636944,0.0104091875664762,0.0188));
#3599=CARTESIAN_POINT('',(-0.0325713521585412,0.0119363607398605,0.0188));
#3600=CARTESIAN_POINT('',(-0.0321866621027266,0.012886498829523,0.0188));
#3601=CARTESIAN_POINT('',(-0.0325713521585412,0.0125458395632294,0.0188));
#3602=CARTESIAN_POINT('',(-0.0325713521585412,0.0119363607398605,0.0188));
#3603=CARTESIAN_POINT('',(-0.0321866621027266,0.012886498829523,0.0188));
#3604=CARTESIAN_POINT('',(-0.0310604008549803,0.0132271580958166,0.0188));
#3605=CARTESIAN_POINT('',(-0.031801972046912,0.0132271580958166,0.0188));
#3606=CARTESIAN_POINT('',(-0.0321866621027266,0.012886498829523,0.0188));
#3607=CARTESIAN_POINT('',(-0.0310604008549803,0.0132271580958166,0.0188));
#3608=CARTESIAN_POINT('',(-0.0310700495234942,0.00699373537928635,0.0188));
#3609=CARTESIAN_POINT('',(-0.0287894665063044,0.012795795652834,0.0188));
#3610=CARTESIAN_POINT('',(-0.0282713979503247,0.0128494202699264,0.0188));
#3611=CARTESIAN_POINT('',(-0.0285228369325891,0.0126941538016157,0.0188));
#3612=CARTESIAN_POINT('',(-0.0287893390796896,0.0127961198405063,0.0188));
#3613=CARTESIAN_POINT('',(-0.0282713979503247,0.0128494202699264,0.0188));
#3614=CARTESIAN_POINT('',(-0.0280199589680604,0.0132874107551611,0.0188));
#3615=CARTESIAN_POINT('',(-0.0280199589680604,0.0130046867382371,0.0188));
#3616=CARTESIAN_POINT('',(-0.0282713979503247,0.0128494202699264,0.0188));
#3617=CARTESIAN_POINT('',(-0.0280199589680604,0.0132874107551611,0.0188));
#3618=CARTESIAN_POINT('',(-0.0280202013647805,0.0133534569394425,0.0188));
#3619=CARTESIAN_POINT('',(-0.0280201019894598,0.0134195046267129,0.0188));
#3620=CARTESIAN_POINT('',(-0.0292553202228714,0.0134298888942879,0.0188));
#3621=CARTESIAN_POINT('',(-0.0282346181789577,0.0141249589315278,0.0188));
#3622=CARTESIAN_POINT('',(-0.02908525430948,0.013574910615566,0.0188));
#3623=CARTESIAN_POINT('',(-0.028805560949513,0.0145480817814449,0.0188));
#3624=CARTESIAN_POINT('',(-0.0312087150933667,0.0148586147180663,0.0188));
#3625=CARTESIAN_POINT('',(-0.0298275387483939,0.0148586147180663,0.0188));
#3626=CARTESIAN_POINT('',(-0.028805560949513,0.0145480817814449,0.0188));
#3627=CARTESIAN_POINT('',(-0.0312087150933667,0.0148586147180663,0.0188));
#3628=CARTESIAN_POINT('',(-0.0337439616057831,0.0140730127366137,0.0188));
#3629=CARTESIAN_POINT('',(-0.0328401717156164,0.0148586147180663,0.0188));
#3630=CARTESIAN_POINT('',(-0.0312087150933667,0.0148586147180663,0.0188));
#3631=CARTESIAN_POINT('',(-0.0337439616057831,0.0140730127366137,0.0188));
#3632=CARTESIAN_POINT('',(-0.0346477514959499,0.0119363607398605,0.0188));
#3633=CARTESIAN_POINT('',(-0.0346477514959499,0.0132874107551611,0.0188));
#3634=CARTESIAN_POINT('',(-0.0337439616057831,0.0140730127366137,0.0188));
#3635=CARTESIAN_POINT('',(-0.0346477514959499,0.0119363607398605,0.0188));
#3636=CARTESIAN_POINT('',(-0.0338551972845729,0.009890087732124,0.0188));
#3637=CARTESIAN_POINT('',(-0.0346477514959499,0.0107359423729211,0.0188));
#3638=CARTESIAN_POINT('',(-0.0346477514959499,0.0119363607398605,0.0188));
#3639=CARTESIAN_POINT('',(-0.0338551972845719,0.00989008773212288,0.0188));
#3640=CARTESIAN_POINT('',(-0.0338551972845719,0.00989008773212288,0.0183));
#3641=CARTESIAN_POINT('',(-0.0343835667588223,0.0104539908259862,0.0188));
#3642=CARTESIAN_POINT('',(-0.0343835667588223,0.0104539908259862,0.0183));
#3643=CARTESIAN_POINT('',(-0.0346477514959484,0.0111360818285631,0.0188));
#3644=CARTESIAN_POINT('',(-0.0346477514959484,0.0111360818285631,0.0183));
#3645=CARTESIAN_POINT('',(-0.0346477514959499,0.0119363607398536,0.0188));
#3646=CARTESIAN_POINT('',(-0.0346477514959499,0.0119363607398536,0.0183));
#3647=CARTESIAN_POINT('',(-0.0338551972845729,0.009890087732124,0.0183));
#3648=CARTESIAN_POINT('',(-0.0346477514959499,0.0107359423729211,0.0183));
#3649=CARTESIAN_POINT('',(-0.0346477514959499,0.0119363607398605,0.0183));
#3650=CARTESIAN_POINT('',(-0.0338551972845729,0.009890087732124,0.0183));
#3651=CARTESIAN_POINT('',(-0.0346477514959499,0.0119363607398605,0.0183));
#3652=CARTESIAN_POINT('',(-0.0338551972845729,0.009890087732124,0.0188));
#3653=CARTESIAN_POINT('',(-0.0346477514959499,0.0119363607398605,0.0188));
#3654=CARTESIAN_POINT('',(-0.0346477514959499,0.01193636074025,0.0188));
#3655=CARTESIAN_POINT('',(-0.0346477514959499,0.01193636074025,0.0183));
#3656=CARTESIAN_POINT('',(-0.0346477514958631,0.0128370607502682,0.0188));
#3657=CARTESIAN_POINT('',(-0.0346477514958631,0.0128370607502682,0.0183));
#3658=CARTESIAN_POINT('',(-0.0343464881991394,0.0135492780823904,0.0188));
#3659=CARTESIAN_POINT('',(-0.0343464881991394,0.0135492780823904,0.0183));
#3660=CARTESIAN_POINT('',(-0.0337439616057793,0.014073012736617,0.0188));
#3661=CARTESIAN_POINT('',(-0.0337439616057793,0.014073012736617,0.0183));
#3662=CARTESIAN_POINT('',(-0.0346477514959499,0.0119363607398605,0.0183));
#3663=CARTESIAN_POINT('',(-0.0346477514959499,0.0132874107551611,0.0183));
#3664=CARTESIAN_POINT('',(-0.0337439616057831,0.0140730127366137,0.0183));
#3665=CARTESIAN_POINT('',(-0.0337439616057831,0.0140730127366137,0.0183));
#3666=CARTESIAN_POINT('',(-0.0337439616057831,0.0140730127366137,0.0188));
#3667=CARTESIAN_POINT('',(-0.0337439616060678,0.0140730127363662,0.0188));
#3668=CARTESIAN_POINT('',(-0.0337439616060678,0.0140730127363662,0.0183));
#3669=CARTESIAN_POINT('',(-0.0331414350137277,0.014596747389857,0.0188));
#3670=CARTESIAN_POINT('',(-0.0331414350137277,0.014596747389857,0.0183));
#3671=CARTESIAN_POINT('',(-0.0322963528448542,0.0148586147170903,0.0188));
#3672=CARTESIAN_POINT('',(-0.0322963528448542,0.0148586147170903,0.0183));
#3673=CARTESIAN_POINT('',(-0.0312087150994475,0.0148586147180663,0.0188));
#3674=CARTESIAN_POINT('',(-0.0312087150994475,0.0148586147180663,0.0183));
#3675=CARTESIAN_POINT('',(-0.0337439616057831,0.0140730127366137,0.0183));
#3676=CARTESIAN_POINT('',(-0.0328401717156164,0.0148586147180663,0.0183));
#3677=CARTESIAN_POINT('',(-0.0312087150933667,0.0148586147180663,0.0183));
#3678=CARTESIAN_POINT('',(-0.0312087150933667,0.0148586147180663,0.0183));
#3679=CARTESIAN_POINT('',(-0.0312087150933667,0.0148586147180663,0.0188));
#3680=CARTESIAN_POINT('',(-0.0312087150920073,0.0148586147180663,0.0188));
#3681=CARTESIAN_POINT('',(-0.0312087150920073,0.0148586147180663,0.0183));
#3682=CARTESIAN_POINT('',(-0.0302879312528182,0.0148586147179644,0.0188));
#3683=CARTESIAN_POINT('',(-0.0302879312528182,0.0148586147179644,0.0183));
#3684=CARTESIAN_POINT('',(-0.0294868801607249,0.014755103826825,0.0188));
#3685=CARTESIAN_POINT('',(-0.0294868801607249,0.014755103826825,0.0183));
#3686=CARTESIAN_POINT('',(-0.028805561815727,0.0145480820446482,0.0188));
#3687=CARTESIAN_POINT('',(-0.028805561815727,0.0145480820446482,0.0183));
#3688=CARTESIAN_POINT('',(-0.0312087150933667,0.0148586147180663,0.0183));
#3689=CARTESIAN_POINT('',(-0.0298275387483939,0.0148586147180663,0.0183));
#3690=CARTESIAN_POINT('',(-0.028805560949513,0.0145480817814449,0.0183));
#3691=CARTESIAN_POINT('',(-0.028805560949513,0.0145480817814449,0.0183));
#3692=CARTESIAN_POINT('',(-0.0288055444189107,0.0145481392983823,0.0183));
#3693=CARTESIAN_POINT('',(-0.0288055444189107,0.0145481392983823,0.0184666666666667));
#3694=CARTESIAN_POINT('',(-0.0288055444189107,0.0145481392983823,0.0186333333333333));
#3695=CARTESIAN_POINT('',(-0.0288055444189107,0.0145481392983823,0.0188));
#3696=CARTESIAN_POINT('',(-0.02908525430948,0.013574910615566,0.0188));
#3697=CARTESIAN_POINT('',(-0.02908525430948,0.013574910615566,0.0183));
#3698=CARTESIAN_POINT('',(-0.0282346181789577,0.0141249589315278,0.0183));
#3699=CARTESIAN_POINT('',(-0.0282349190814825,0.0141247666803367,0.0188));
#3700=CARTESIAN_POINT('',(-0.0282349190814825,0.0141247666803367,0.0186333333333333));
#3701=CARTESIAN_POINT('',(-0.0282349190814825,0.0141247666803367,0.0184666666666667));
#3702=CARTESIAN_POINT('',(-0.0282349190814825,0.0141247666803367,0.0183));
#3703=CARTESIAN_POINT('',(-0.0292553202228714,0.0134298888942879,0.0188));
#3704=CARTESIAN_POINT('',(-0.0292553202228714,0.0134298888942879,0.0183));
#3705=CARTESIAN_POINT('',(-0.0280201019894598,0.0134195046267129,0.0183));
#3706=CARTESIAN_POINT('',(-0.0280202013647805,0.0134195055285062,0.0183));
#3707=CARTESIAN_POINT('',(-0.0280202013647805,0.0134195055285062,0.0184666666666667));
#3708=CARTESIAN_POINT('',(-0.0280202013647805,0.0134195055285062,0.0186333333333333));
#3709=CARTESIAN_POINT('',(-0.0280202013647805,0.0134195055285062,0.0188));
#3710=CARTESIAN_POINT('',(-0.0280202013647805,0.0133534569394425,0.0188));
#3711=CARTESIAN_POINT('',(-0.0280202013647805,0.0133534569394425,0.0183));
#3712=CARTESIAN_POINT('',(-0.0280199589680604,0.0132874107551611,0.0183));
#3713=CARTESIAN_POINT('',(-0.0280202013647805,0.0132874107551611,0.0188));
#3714=CARTESIAN_POINT('',(-0.0280202013647805,0.0132874107551611,0.0186333333333333));
#3715=CARTESIAN_POINT('',(-0.0280202013647805,0.0132874107551611,0.0184666666666667));
#3716=CARTESIAN_POINT('',(-0.0280202013647805,0.0132874107551611,0.0183));
#3717=CARTESIAN_POINT('',(-0.0280199589680604,0.0132874107551611,0.0188));
#3718=CARTESIAN_POINT('',(-0.0280199589680604,0.0132874107551611,0.0183));
#3719=CARTESIAN_POINT('',(-0.0280199589680604,0.0130989280772152,0.0188));
#3720=CARTESIAN_POINT('',(-0.0280199589680604,0.0130989280772152,0.0183));
#3721=CARTESIAN_POINT('',(-0.0281037719621455,0.0129529312488055,0.0188));
#3722=CARTESIAN_POINT('',(-0.0281037719621455,0.0129529312488055,0.0183));
#3723=CARTESIAN_POINT('',(-0.0282713979503155,0.0128494202699321,0.0188));
#3724=CARTESIAN_POINT('',(-0.0282713979503155,0.0128494202699321,0.0183));
#3725=CARTESIAN_POINT('',(-0.0280199589680604,0.0132874107551611,0.0183));
#3726=CARTESIAN_POINT('',(-0.0280199589680604,0.0130046867382371,0.0183));
#3727=CARTESIAN_POINT('',(-0.0282713979503247,0.0128494202699264,0.0183));
#3728=CARTESIAN_POINT('',(-0.0282713979503247,0.0128494202699264,0.0183));
#3729=CARTESIAN_POINT('',(-0.0282713979503247,0.0128494202699264,0.0188));
#3730=CARTESIAN_POINT('',(-0.0282713979503265,0.0128494202699253,0.0188));
#3731=CARTESIAN_POINT('',(-0.0282713979503265,0.0128494202699253,0.0183));
#3732=CARTESIAN_POINT('',(-0.0284390257963877,0.0127459081437868,0.0188));
#3733=CARTESIAN_POINT('',(-0.0284390257963877,0.0127459081437868,0.0183));
#3734=CARTESIAN_POINT('',(-0.0286116748087013,0.0127281420875,0.0188));
#3735=CARTESIAN_POINT('',(-0.0286116748087013,0.0127281420875,0.0183));
#3736=CARTESIAN_POINT('',(-0.0287893449872535,0.0127961221008225,0.0188));
#3737=CARTESIAN_POINT('',(-0.0287893449872535,0.0127961221008225,0.0183));
#3738=CARTESIAN_POINT('',(-0.0282713979503247,0.0128494202699264,0.0183));
#3739=CARTESIAN_POINT('',(-0.0285228369325891,0.0126941538016157,0.0183));
#3740=CARTESIAN_POINT('',(-0.0287893390796896,0.0127961198405063,0.0183));
#3741=CARTESIAN_POINT('',(-0.0287894665063044,0.012795795652834,0.0183));
#3742=CARTESIAN_POINT('',(-0.0287895939329193,0.0127954714651616,0.0182999999999999));
#3743=CARTESIAN_POINT('',(-0.0287895939329193,0.0127954714651616,0.0184666666666666));
#3744=CARTESIAN_POINT('',(-0.0287895939329193,0.0127954714651616,0.0186333333333332));
#3745=CARTESIAN_POINT('',(-0.0287895939329193,0.0127954714651616,0.0187999999999999));
#3746=CARTESIAN_POINT('',(-0.0310700495234942,0.00699373537928635,0.0188));
#3747=CARTESIAN_POINT('',(-0.0310700495234942,0.00699373537928635,0.0183));
#3748=CARTESIAN_POINT('',(-0.0310604008549803,0.0132271580958166,0.0183));
#3749=CARTESIAN_POINT('',(-0.0310604002382392,0.0132275565350483,0.0187999999999999));
#3750=CARTESIAN_POINT('',(-0.0310604002382392,0.0132275565350483,0.0186333333333332));
#3751=CARTESIAN_POINT('',(-0.0310604002382392,0.0132275565350483,0.0184666666666666));
#3752=CARTESIAN_POINT('',(-0.0310604002382392,0.0132275565350483,0.0182999999999999));
#3753=CARTESIAN_POINT('',(-0.03218666210353,0.0128864988288116,0.0183));
#3754=CARTESIAN_POINT('',(-0.03218666210353,0.0128864988288116,0.0188));
#3755=CARTESIAN_POINT('',(-0.0319302019596692,0.0131136051012417,0.0183));
#3756=CARTESIAN_POINT('',(-0.0319302019596692,0.0131136051012417,0.0188));
#3757=CARTESIAN_POINT('',(-0.031554781337931,0.0132271581902433,0.0183));
#3758=CARTESIAN_POINT('',(-0.031554781337931,0.0132271581902433,0.0188));
#3759=CARTESIAN_POINT('',(-0.0310604002383153,0.0132271580958165,0.0183));
#3760=CARTESIAN_POINT('',(-0.0310604002383153,0.0132271580958165,0.0188));
#3761=CARTESIAN_POINT('',(-0.0310604008549803,0.0132271580958166,0.0183));
#3762=CARTESIAN_POINT('',(-0.031801972046912,0.0132271580958166,0.0183));
#3763=CARTESIAN_POINT('',(-0.0321866621027266,0.012886498829523,0.0183));
#3764=CARTESIAN_POINT('',(-0.0321866621027266,0.012886498829523,0.0183));
#3765=CARTESIAN_POINT('',(-0.0321866621027266,0.012886498829523,0.0188));
#3766=CARTESIAN_POINT('',(-0.0325713521585412,0.011936360740327,0.0183));
#3767=CARTESIAN_POINT('',(-0.0325713521585412,0.011936360740327,0.0188));
#3768=CARTESIAN_POINT('',(-0.0325713521584431,0.0123426799556847,0.0183));
#3769=CARTESIAN_POINT('',(-0.0325713521584431,0.0123426799556847,0.0188));
#3770=CARTESIAN_POINT('',(-0.0324431221398366,0.0126593926520848,0.0183));
#3771=CARTESIAN_POINT('',(-0.0324431221398366,0.0126593926520848,0.0188));
#3772=CARTESIAN_POINT('',(-0.0321866621027219,0.0128864988295272,0.0183));
#3773=CARTESIAN_POINT('',(-0.0321866621027219,0.0128864988295272,0.0188));
#3774=CARTESIAN_POINT('',(-0.0321866621027266,0.012886498829523,0.0183));
#3775=CARTESIAN_POINT('',(-0.0325713521585412,0.0125458395632294,0.0183));
#3776=CARTESIAN_POINT('',(-0.0325713521585412,0.0119363607398605,0.0183));
#3777=CARTESIAN_POINT('',(-0.0325713521585412,0.0119363607398605,0.0183));
#3778=CARTESIAN_POINT('',(-0.0325713521585412,0.0119363607398605,0.0188));
#3779=CARTESIAN_POINT('',(-0.0311785887834612,0.0104091875729884,0.0183));
#3780=CARTESIAN_POINT('',(-0.0311785887834612,0.0104091875729884,0.0188));
#3781=CARTESIAN_POINT('',(-0.0321070977148898,0.0107150856952186,0.0183));
#3782=CARTESIAN_POINT('',(-0.0321070977148898,0.0107150856952186,0.0188));
#3783=CARTESIAN_POINT('',(-0.0325713521732497,0.0112241434287916,0.0183));
#3784=CARTESIAN_POINT('',(-0.0325713521732497,0.0112241434287916,0.0188));
#3785=CARTESIAN_POINT('',(-0.0325713521585412,0.0119363607737075,0.0183));
#3786=CARTESIAN_POINT('',(-0.0325713521585412,0.0119363607737075,0.0188));
#3787=CARTESIAN_POINT('',(-0.0325713521585412,0.0119363607398605,0.0183));
#3788=CARTESIAN_POINT('',(-0.0325713521585412,0.0108680347414839,0.0183));
#3789=CARTESIAN_POINT('',(-0.0311785887636944,0.0104091875664762,0.0183));
#3790=CARTESIAN_POINT('',(-0.0311785887636944,0.0104091875664762,0.0183));
#3791=CARTESIAN_POINT('',(-0.0311785887636944,0.0104091875664762,0.0188));
#3792=CARTESIAN_POINT('',(-0.0311785887236691,0.0104091875537367,0.0188));
#3793=CARTESIAN_POINT('',(-0.0311785887236691,0.0104091875537367,0.0183));
#3794=CARTESIAN_POINT('',(-0.0298437605942568,0.00998432905968818,0.0188));
#3795=CARTESIAN_POINT('',(-0.0298437605942568,0.00998432905968818,0.0183));
#3796=CARTESIAN_POINT('',(-0.0289167966155722,0.00949999037699191,0.0188));
#3797=CARTESIAN_POINT('',(-0.0289167966155722,0.00949999037699191,0.0183));
#3798=CARTESIAN_POINT('',(-0.0283976967876152,0.00895617150564788,0.0188));
#3799=CARTESIAN_POINT('',(-0.0283976967876152,0.00895617150564788,0.0183));
#3800=CARTESIAN_POINT('',(-0.0311785887636944,0.0104091875664762,0.0183));
#3801=CARTESIAN_POINT('',(-0.0291763465454789,0.00977189982340989,0.0183));
#3802=CARTESIAN_POINT('',(-0.0283976967939506,0.00895617151228503,0.0183));
#3803=CARTESIAN_POINT('',(-0.0283976967939506,0.00895617151228503,0.0183));
#3804=CARTESIAN_POINT('',(-0.0283976967939506,0.00895617151228503,0.0188));
#3805=CARTESIAN_POINT('',(-0.0283976967939535,0.00895617151228808,0.0188));
#3806=CARTESIAN_POINT('',(-0.0283976967939535,0.00895617151228808,0.0183));
#3807=CARTESIAN_POINT('',(-0.0278785969596807,0.00841235263828958,0.0188));
#3808=CARTESIAN_POINT('',(-0.0278785969596807,0.00841235263828958,0.0183));
#3809=CARTESIAN_POINT('',(-0.0276190470425036,0.007710177416063,0.0188));
#3810=CARTESIAN_POINT('',(-0.0276190470425036,0.007710177416063,0.0183));
#3811=CARTESIAN_POINT('',(-0.0276190470424223,0.00684964584560834,0.0188));
#3812=CARTESIAN_POINT('',(-0.0276190470424223,0.00684964584560834,0.0183));
#3813=CARTESIAN_POINT('',(-0.0283976967939506,0.00895617151228503,0.0183));
#3814=CARTESIAN_POINT('',(-0.0276190470424223,0.00814044320116017,0.0183));
#3815=CARTESIAN_POINT('',(-0.0276190470424223,0.00684964584520406,0.0183));
#3816=CARTESIAN_POINT('',(-0.0276190470424223,0.00684964584520406,0.0183));
#3817=CARTESIAN_POINT('',(-0.0276190470424223,0.00684964584520406,0.0188));
#3818=CARTESIAN_POINT('',(-0.0276190470424223,0.00684964591833628,0.0188));
#3819=CARTESIAN_POINT('',(-0.0276190470424223,0.00684964591833628,0.0183));
#3820=CARTESIAN_POINT('',(-0.0276190470123678,0.00477324654591943,0.0188));
#3821=CARTESIAN_POINT('',(-0.0276190470123678,0.00477324654591943,0.0183));
#3822=CARTESIAN_POINT('',(-0.0288990297714934,0.00373504685283766,0.0188));
#3823=CARTESIAN_POINT('',(-0.0288990297714934,0.00373504685283766,0.0183));
#3824=CARTESIAN_POINT('',(-0.0314589953197992,0.00373504683909096,0.0188));
#3825=CARTESIAN_POINT('',(-0.0314589953197992,0.00373504683909096,0.0183));
#3826=CARTESIAN_POINT('',(-0.0276190470424223,0.00684964584520406,0.0183));
#3827=CARTESIAN_POINT('',(-0.0276190470424223,0.00373504683909096,0.0183));
#3828=CARTESIAN_POINT('',(-0.0314589953706436,0.00373504683909096,0.0183));
#3829=CARTESIAN_POINT('',(-0.0314589953706436,0.00373504683909096,0.0183));
#3830=CARTESIAN_POINT('',(-0.0314589953706436,0.00373504683909096,0.0188));
#3831=CARTESIAN_POINT('',(-0.0314589953707855,0.00373504683909096,0.0188));
#3832=CARTESIAN_POINT('',(-0.0314589953707855,0.00373504683909096,0.0183));
#3833=CARTESIAN_POINT('',(-0.0322608203345911,0.00373504683910554,0.0188));
#3834=CARTESIAN_POINT('',(-0.0322608203345911,0.00373504683910554,0.0183));
#3835=CARTESIAN_POINT('',(-0.0329877155012799,0.00385864238075558,0.0188));
#3836=CARTESIAN_POINT('',(-0.0329877155012799,0.00385864238075558,0.0183));
#3837=CARTESIAN_POINT('',(-0.033639680870854,0.0041058334640383,0.0188));
#3838=CARTESIAN_POINT('',(-0.033639680870854,0.0041058334640383,0.0183));
#3839=CARTESIAN_POINT('',(-0.0314589953706436,0.00373504683909096,0.0183));
#3840=CARTESIAN_POINT('',(-0.0326617311475578,0.00373504683909096,0.0183));
#3841=CARTESIAN_POINT('',(-0.0336396781569177,0.00410583243505681,0.0183));
#3842=CARTESIAN_POINT('',(-0.0336396781569177,0.00410583243505681,0.0183));
#3843=CARTESIAN_POINT('',(-0.0336395907246146,0.00410607122433909,0.0183));
#3844=CARTESIAN_POINT('',(-0.0336395907246146,0.00410607122433909,0.0184666666666667));
#3845=CARTESIAN_POINT('',(-0.0336395907246146,0.00410607122433909,0.0186333333333333));
#3846=CARTESIAN_POINT('',(-0.0336395907246146,0.00410607122433909,0.0188));
#3847=CARTESIAN_POINT('',(-0.03326621604554,0.00512580727723689,0.0188));
#3848=CARTESIAN_POINT('',(-0.03326621604554,0.00512580727723689,0.0183));
#3849=CARTESIAN_POINT('',(-0.0341970034654894,0.00456584342111128,0.0183));
#3850=CARTESIAN_POINT('',(-0.0341967461657025,0.00456600019973248,0.0188));
#3851=CARTESIAN_POINT('',(-0.0341967461657025,0.00456600019973248,0.0186333333333333));
#3852=CARTESIAN_POINT('',(-0.0341967461657025,0.00456600019973248,0.0184666666666667));
#3853=CARTESIAN_POINT('',(-0.0341967461657025,0.00456600019973248,0.0183));
#3854=CARTESIAN_POINT('',(-0.0330401969881404,0.00527423659380868,0.0188));
#3855=CARTESIAN_POINT('',(-0.0330401969881404,0.00527423659380868,0.0183));
#3856=CARTESIAN_POINT('',(-0.0343971614451087,0.00529234117561487,0.0183));
#3857=CARTESIAN_POINT('',(-0.0343969724277944,0.00529233807569528,0.0183));
#3858=CARTESIAN_POINT('',(-0.0343969724277944,0.00529233807569528,0.0184666666666667));
#3859=CARTESIAN_POINT('',(-0.0343969724277944,0.00529233807569528,0.0186333333333333));
#3860=CARTESIAN_POINT('',(-0.0343969724277944,0.00529233807569528,0.0188));
#3861=CARTESIAN_POINT('',(-0.0343969724277944,0.00538156662617679,0.0188));
#3862=CARTESIAN_POINT('',(-0.0343969724277944,0.00538156662617679,0.0183));
#3863=CARTESIAN_POINT('',(-0.034397471218673,0.00547078691020608,0.0183));
#3864=CARTESIAN_POINT('',(-0.0343969724277944,0.00547078691020608,0.0188));
#3865=CARTESIAN_POINT('',(-0.0343969724277944,0.00547078691020608,0.0186333333333333));
#3866=CARTESIAN_POINT('',(-0.0343969724277944,0.00547078691020608,0.0184666666666667));
#3867=CARTESIAN_POINT('',(-0.0343969724277944,0.00547078691020608,0.0183));
#3868=CARTESIAN_POINT('',(-0.034397471218673,0.00547078691020608,0.0188));
#3869=CARTESIAN_POINT('',(-0.034397471218673,0.00547078691020608,0.0183));
#3870=CARTESIAN_POINT('',(-0.034397471218673,0.00565772464817584,0.0188));
#3871=CARTESIAN_POINT('',(-0.034397471218673,0.00565772464817584,0.0183));
#3872=CARTESIAN_POINT('',(-0.0343182930445313,0.00579329313170251,0.0188));
#3873=CARTESIAN_POINT('',(-0.0343182930445313,0.00579329313170251,0.0183));
#3874=CARTESIAN_POINT('',(-0.034159936696248,0.00587749236078605,0.0188));
#3875=CARTESIAN_POINT('',(-0.034159936696248,0.00587749236078605,0.0183));
#3876=CARTESIAN_POINT('',(-0.034397471218673,0.00547078691020608,0.0183));
#3877=CARTESIAN_POINT('',(-0.034397471218673,0.00575119351715525,0.0183));
#3878=CARTESIAN_POINT('',(-0.0341599366962573,0.00587749236078111,0.0183));
#3879=CARTESIAN_POINT('',(-0.0341599366962573,0.00587749236078111,0.0183));
#3880=CARTESIAN_POINT('',(-0.0341599366962573,0.00587749236078111,0.0188));
#3881=CARTESIAN_POINT('',(-0.0341599366962636,0.00587749236077774,0.0188));
#3882=CARTESIAN_POINT('',(-0.0341599366962636,0.00587749236077774,0.0183));
#3883=CARTESIAN_POINT('',(-0.034001576383537,0.00596169369779076,0.0188));
#3884=CARTESIAN_POINT('',(-0.034001576383537,0.00596169369779076,0.0183));
#3885=CARTESIAN_POINT('',(-0.0338381947644352,0.00596439536979191,0.0188));
#3886=CARTESIAN_POINT('',(-0.0338381947644352,0.00596439536979191,0.0183));
#3887=CARTESIAN_POINT('',(-0.0336697918390258,0.00588559737787638,0.0188));
#3888=CARTESIAN_POINT('',(-0.0336697918390258,0.00588559737787638,0.0183));
#3889=CARTESIAN_POINT('',(-0.0341599366962573,0.00587749236078111,0.0183));
#3890=CARTESIAN_POINT('',(-0.0339224021738417,0.00600379120440698,0.0183));
#3891=CARTESIAN_POINT('',(-0.03366980448659,0.00588560329569287,0.0183));
#3892=CARTESIAN_POINT('',(-0.03366980448659,0.00588560329569287,0.0183));
#3893=CARTESIAN_POINT('',(-0.0336695976226468,0.00588601244691035,0.0183));
#3894=CARTESIAN_POINT('',(-0.0336695976226468,0.00588601244691035,0.0184666666666667));
#3895=CARTESIAN_POINT('',(-0.0336695976226468,0.00588601244691035,0.0186333333333333));
#3896=CARTESIAN_POINT('',(-0.0336695976226468,0.00588601244691035,0.0188));
#3897=CARTESIAN_POINT('',(-0.0316174124193779,0.00994498019778355,0.0188));
#3898=CARTESIAN_POINT('',(-0.0316174124193779,0.00994498019778355,0.0183));
#3899=CARTESIAN_POINT('',(-0.03160730960903,0.00539662979101291,0.0183));
#3900=CARTESIAN_POINT('',(-0.0316073098312758,0.00539672984749961,0.0188));
#3901=CARTESIAN_POINT('',(-0.0316073098312758,0.00539672984749961,0.0186333333333333));
#3902=CARTESIAN_POINT('',(-0.0316073098312758,0.00539672984749961,0.0184666666666667));
#3903=CARTESIAN_POINT('',(-0.0316073098312758,0.00539672984749961,0.0183));
#3904=CARTESIAN_POINT('',(-0.0297255727095033,0.00681951959451366,0.0183));
#3905=CARTESIAN_POINT('',(-0.0297255727095033,0.00681951959451366,0.0188));
#3906=CARTESIAN_POINT('',(-0.0297255726746862,0.00587092633616109,0.0183));
#3907=CARTESIAN_POINT('',(-0.0297255726746862,0.00587092633616109,0.0188));
#3908=CARTESIAN_POINT('',(-0.0303528183819452,0.00539662973499418,0.0183));
#3909=CARTESIAN_POINT('',(-0.0303528183819452,0.00539662973499418,0.0188));
#3910=CARTESIAN_POINT('',(-0.0316073098312803,0.00539662979101292,0.0183));
#3911=CARTESIAN_POINT('',(-0.0316073098312803,0.00539662979101292,0.0188));
#3912=CARTESIAN_POINT('',(-0.03160730960903,0.00539662979101291,0.0183));
#3913=CARTESIAN_POINT('',(-0.0297255727095033,0.00539662979101291,0.0183));
#3914=CARTESIAN_POINT('',(-0.0297255727095033,0.00681951951553184,0.0183));
#3915=CARTESIAN_POINT('',(-0.0297255727095033,0.00681951951553184,0.0183));
#3916=CARTESIAN_POINT('',(-0.0297255727095033,0.00681951951553184,0.0188));
#3917=CARTESIAN_POINT('',(-0.0300812951406364,0.00777660983512226,0.0183));
#3918=CARTESIAN_POINT('',(-0.0300812951406364,0.00777660983512226,0.0188));
#3919=CARTESIAN_POINT('',(-0.0298441468532342,0.0075247846178827,0.0183));
#3920=CARTESIAN_POINT('',(-0.0298441468532342,0.0075247846178827,0.0188));
#3921=CARTESIAN_POINT('',(-0.0297255727095232,0.00720575451138493,0.0183));
#3922=CARTESIAN_POINT('',(-0.0297255727095232,0.00720575451138493,0.0188));
#3923=CARTESIAN_POINT('',(-0.0297255727095033,0.00681951951562901,0.0183));
#3924=CARTESIAN_POINT('',(-0.0297255727095033,0.00681951951562901,0.0188));
#3925=CARTESIAN_POINT('',(-0.0297255727095033,0.00681951951553184,0.0183));
#3926=CARTESIAN_POINT('',(-0.0297255727095033,0.00739887200922847,0.0183));
#3927=CARTESIAN_POINT('',(-0.030081295140633,0.00777660983511868,0.0183));
#3928=CARTESIAN_POINT('',(-0.030081295140633,0.00777660983511868,0.0183));
#3929=CARTESIAN_POINT('',(-0.030081295140633,0.00777660983511868,0.0188));
#3930=CARTESIAN_POINT('',(-0.0312828722011431,0.00845097613377789,0.0183));
#3931=CARTESIAN_POINT('',(-0.0312828722011431,0.00845097613377789,0.0188));
#3932=CARTESIAN_POINT('',(-0.0307189691093703,0.0082532238155248,0.0183));
#3933=CARTESIAN_POINT('',(-0.0307189691093703,0.0082532238155248,0.0188));
#3934=CARTESIAN_POINT('',(-0.0303184434208856,0.00802843504755498,0.0183));
#3935=CARTESIAN_POINT('',(-0.0303184434208856,0.00802843504755498,0.0188));
#3936=CARTESIAN_POINT('',(-0.0300812951356888,0.00777660982986852,0.0183));
#3937=CARTESIAN_POINT('',(-0.0300812951356888,0.00777660982986852,0.0188));
#3938=CARTESIAN_POINT('',(-0.030081295140633,0.00777660983511868,0.0183));
#3939=CARTESIAN_POINT('',(-0.0304370175717627,0.00815434766100888,0.0183));
#3940=CARTESIAN_POINT('',(-0.0312828722125598,0.00845097613778156,0.0183));
#3941=CARTESIAN_POINT('',(-0.0312828722125598,0.00845097613778156,0.0183));
#3942=CARTESIAN_POINT('',(-0.0312828722125598,0.00845097613778156,0.0188));
#3943=CARTESIAN_POINT('',(-0.0312828722296891,0.00845097614349135,0.0188));
#3944=CARTESIAN_POINT('',(-0.0312828722296891,0.00845097614349135,0.0183));
#3945=CARTESIAN_POINT('',(-0.0324693861309371,0.00884648077910674,0.0188));
#3946=CARTESIAN_POINT('',(-0.0324693861309371,0.00884648077910674,0.0183));
#3947=CARTESIAN_POINT('',(-0.0333268278172495,0.00932618464342629,0.0188));
#3948=CARTESIAN_POINT('',(-0.0333268278172495,0.00932618464342629,0.0183));
#3949=CARTESIAN_POINT('',(-0.0338551972886263,0.00989008773645001,0.0188));
#3950=CARTESIAN_POINT('',(-0.0338551972886263,0.00989008773645001,0.0183));
#3951=CARTESIAN_POINT('',(-0.0312828722125598,0.00845097613778156,0.0183));
#3952=CARTESIAN_POINT('',(-0.0330626430731959,0.00904423309132692,0.0183));
#3953=CARTESIAN_POINT('',(-0.0338551972845729,0.009890087732124,0.0183));
#3954=CARTESIAN_POINT('',(-0.0309711805709511,0.00929683077857865,0.0188));
#3955=CARTESIAN_POINT('',(-0.0209727152347346,0.00373504683909096,0.0188));
#3956=CARTESIAN_POINT('',(-0.0233619649187395,0.00373504683909096,0.0188));
#3957=CARTESIAN_POINT('',(-0.0248369963676911,0.0052251414528787,0.0188));
#3958=CARTESIAN_POINT('',(-0.0209727152347346,0.00373504683909096,0.0188));
#3959=CARTESIAN_POINT('',(-0.0248369963676911,0.0052251414528787,0.0188));
#3960=CARTESIAN_POINT('',(-0.0182590281542595,0.00410583243505681,0.0188));
#3961=CARTESIAN_POINT('',(-0.0195196991805434,0.00373504683909096,0.0188));
#3962=CARTESIAN_POINT('',(-0.0209727152347346,0.00373504683909096,0.0188));
#3963=CARTESIAN_POINT('',(-0.0182590281542595,0.00410583243505681,0.0188));
#3964=CARTESIAN_POINT('',(-0.018555193631795,0.00512283476339587,0.0188));
#3965=CARTESIAN_POINT('',(-0.0176823526448671,0.00452205735738736,0.0188));
#3966=CARTESIAN_POINT('',(-0.018628232277377,0.00520774044960161,0.0188));
#3967=CARTESIAN_POINT('',(-0.0174596647279271,0.00521818762501269,0.018799999875));
#3968=CARTESIAN_POINT('',(-0.0174595217129581,0.00737569790948061,0.0188));
#3969=CARTESIAN_POINT('',(-0.0174595217129581,0.00953945990780436,0.0188));
#3970=CARTESIAN_POINT('',(-0.0182701459162208,0.00953945990780436,0.0188));
#3971=CARTESIAN_POINT('',(-0.0177135046634572,0.0101287494076574,0.0188));
#3972=CARTESIAN_POINT('',(-0.0182982182504886,0.00957097719209645,0.0188));
#3973=CARTESIAN_POINT('',(-0.0182982182504886,0.010379061236804,0.0188));
#3974=CARTESIAN_POINT('',(-0.019860358446837,0.010379061236804,0.0188));
#3975=CARTESIAN_POINT('',(-0.0214176630658665,0.0103788289466333,0.0188));
#3976=CARTESIAN_POINT('',(-0.0214310402403609,0.00961988127170258,0.0188));
#3977=CARTESIAN_POINT('',(-0.0219749156932701,0.0101495654629458,0.0188));
#3978=CARTESIAN_POINT('',(-0.0214348476990862,0.00960101456711996,0.0188));
#3979=CARTESIAN_POINT('',(-0.0222050848252169,0.00957957528643754,0.0188));
#3980=CARTESIAN_POINT('',(-0.0214480157203447,0.009566541497875,0.0188));
#3981=CARTESIAN_POINT('',(-0.0219747198747594,0.00902249585418558,0.0188));
#3982=CARTESIAN_POINT('',(-0.0214306712475212,0.00954886920693934,0.0188));
#3983=CARTESIAN_POINT('',(-0.0214176626686062,0.00879185516178342,0.018799999875));
#3984=CARTESIAN_POINT('',(-0.020490693959979,0.00879163540407518,0.0188));
#3985=CARTESIAN_POINT('',(-0.0195637299700643,0.00879163540407518,0.0188));
#3986=CARTESIAN_POINT('',(-0.0194455420613502,0.00865954303551235,0.0188));
#3987=CARTESIAN_POINT('',(-0.0194455420613502,0.00879163540407518,0.0188));
#3988=CARTESIAN_POINT('',(-0.0195637299700643,0.00879163540407518,0.0188));
#3989=CARTESIAN_POINT('',(-0.0194455420613502,0.00865954303551235,0.0188));
#3990=CARTESIAN_POINT('',(-0.0194455420613502,0.00719146381648508,0.0188));
#3991=CARTESIAN_POINT('',(-0.0194455420613502,0.00572338459745781,0.0188));
#3992=CARTESIAN_POINT('',(-0.0195637299700643,0.00555884848924796,0.0188));
#3993=CARTESIAN_POINT('',(-0.0194455420613502,0.00558897481892019,0.0188));
#3994=CARTESIAN_POINT('',(-0.0194455420613502,0.00572338459745781,0.0188));
#3995=CARTESIAN_POINT('',(-0.0195637299700643,0.00555884848924796,0.0188));
#3996=CARTESIAN_POINT('',(-0.0208276502046254,0.00993906432513377,0.0188));
#3997=CARTESIAN_POINT('',(-0.0208244009963482,0.0053804079211894,0.0188));
#3998=CARTESIAN_POINT('',(-0.0232947600294707,0.0063965921951333,0.0188));
#3999=CARTESIAN_POINT('',(-0.0223817004994047,0.0053804079211894,0.0188));
#4000=CARTESIAN_POINT('',(-0.0208244009963482,0.0053804079211894,0.0188));
#4001=CARTESIAN_POINT('',(-0.0232947600294707,0.0063965921951333,0.0188));
#4002=CARTESIAN_POINT('',(-0.0242078195595366,0.00929683077857865,0.0188));
#4003=CARTESIAN_POINT('',(-0.0242078195595366,0.00741277646907719,0.0188));
#4004=CARTESIAN_POINT('',(-0.0232947600294707,0.0063965921951333,0.0188));
#4005=CARTESIAN_POINT('',(-0.0242078195595366,0.00929683077857865,0.0188));
#4006=CARTESIAN_POINT('',(-0.0232808555696219,0.0122260369867088,0.0188));
#4007=CARTESIAN_POINT('',(-0.0242078195595366,0.0112388203374498,0.0188));
#4008=CARTESIAN_POINT('',(-0.0242078195595366,0.00929683077857865,0.0188));
#4009=CARTESIAN_POINT('',(-0.0232808555696219,0.0122260369867088,0.0188));
#4010=CARTESIAN_POINT('',(-0.0205578988492478,0.0132132536359679,0.0188));
#4011=CARTESIAN_POINT('',(-0.0223538915797073,0.0132132536359679,0.0188));
#4012=CARTESIAN_POINT('',(-0.0232808555696219,0.0122260369867088,0.0188));
#4013=CARTESIAN_POINT('',(-0.0205578988492478,0.0132132536359679,0.0188));
#4014=CARTESIAN_POINT('',(-0.020577535083474,0.00523108779173343,0.0188));
#4015=CARTESIAN_POINT('',(-0.0188221178264226,0.0130187178342014,0.0188));
#4016=CARTESIAN_POINT('',(-0.0186584267567177,0.0136347386315048,0.0188));
#4017=CARTESIAN_POINT('',(-0.0182549403298213,0.0131419576097937,0.0188));
#4018=CARTESIAN_POINT('',(-0.0186100046189104,0.0136300468510792,0.0188));
#4019=CARTESIAN_POINT('',(-0.0180065821048223,0.0136419707366848,0.018799999875));
#4020=CARTESIAN_POINT('',(-0.0180064304670077,0.0136721008109756,0.0188));
#4021=CARTESIAN_POINT('',(-0.0180064304670077,0.0137117761998312,0.0188));
#4022=CARTESIAN_POINT('',(-0.0190127181459977,0.0137117761998312,0.0188));
#4023=CARTESIAN_POINT('',(-0.018244408779568,0.0143611704485165,0.0188));
#4024=CARTESIAN_POINT('',(-0.018992036931317,0.0137696074706549,0.0188));
#4025=CARTESIAN_POINT('',(-0.0188383806479561,0.01471030047968,0.0188));
#4026=CARTESIAN_POINT('',(-0.0207803702068272,0.0148586147180663,0.0188));
#4027=CARTESIAN_POINT('',(-0.0197120442084507,0.0148586147180663,0.0188));
#4028=CARTESIAN_POINT('',(-0.0188383806479561,0.01471030047968,0.0188));
#4029=CARTESIAN_POINT('',(-0.0207803702068272,0.0148586147180663,0.0188));
#4030=CARTESIAN_POINT('',(-0.0248439485976155,0.0133824245641273,0.0188));
#4031=CARTESIAN_POINT('',(-0.0233758693785882,0.0148586147180663,0.0188));
#4032=CARTESIAN_POINT('',(-0.0207803702068272,0.0148586147180663,0.0188));
#4033=CARTESIAN_POINT('',(-0.0248439485976155,0.0133824245641273,0.0188));
#4034=CARTESIAN_POINT('',(-0.0263120278166427,0.00929683077857865,0.0188));
#4035=CARTESIAN_POINT('',(-0.0263120278166427,0.0119062344101883,0.0188));
#4036=CARTESIAN_POINT('',(-0.0248439485976155,0.0133824245641273,0.0188));
#4037=CARTESIAN_POINT('',(-0.0263120278166427,0.00929683077857865,0.0188));
#4038=CARTESIAN_POINT('',(-0.0248369963676911,0.0052251414528787,0.0188));
#4039=CARTESIAN_POINT('',(-0.0263120278166427,0.00671523606666644,0.0188));
#4040=CARTESIAN_POINT('',(-0.0263120278166427,0.00929683077857865,0.0188));
#4041=CARTESIAN_POINT('',(-0.0248369963676879,0.00522514145287547,0.0188));
#4042=CARTESIAN_POINT('',(-0.0248369963676879,0.00522514145287547,0.0183));
#4043=CARTESIAN_POINT('',(-0.0258203506663354,0.00621853786140519,0.0188));
#4044=CARTESIAN_POINT('',(-0.0258203506663354,0.00621853786140519,0.0183));
#4045=CARTESIAN_POINT('',(-0.026312027815987,0.00757576763549194,0.0188));
#4046=CARTESIAN_POINT('',(-0.026312027815987,0.00757576763549194,0.0183));
#4047=CARTESIAN_POINT('',(-0.0263120278166427,0.0092968307751358,0.0188));
#4048=CARTESIAN_POINT('',(-0.0263120278166427,0.0092968307751358,0.0183));
#4049=CARTESIAN_POINT('',(-0.0248369963676911,0.0052251414528787,0.0183));
#4050=CARTESIAN_POINT('',(-0.0263120278166427,0.00671523606666644,0.0183));
#4051=CARTESIAN_POINT('',(-0.0263120278166427,0.00929683077857865,0.0183));
#4052=CARTESIAN_POINT('',(-0.0248369963676911,0.0052251414528787,0.0183));
#4053=CARTESIAN_POINT('',(-0.0263120278166427,0.00929683077857865,0.0183));
#4054=CARTESIAN_POINT('',(-0.0248369963676911,0.0052251414528787,0.0188));
#4055=CARTESIAN_POINT('',(-0.0263120278166427,0.00929683077857865,0.0188));
#4056=CARTESIAN_POINT('',(-0.0263120278166427,0.00929683078305591,0.0188));
#4057=CARTESIAN_POINT('',(-0.0263120278166427,0.00929683078305591,0.0183));
#4058=CARTESIAN_POINT('',(-0.026312027815803,0.0110364332019904,0.0188));
#4059=CARTESIAN_POINT('',(-0.026312027815803,0.0110364332019904,0.0183));
#4060=CARTESIAN_POINT('',(-0.0258226680761263,0.0123982977956819,0.0188));
#4061=CARTESIAN_POINT('',(-0.0258226680761263,0.0123982977956819,0.0183));
#4062=CARTESIAN_POINT('',(-0.0248439485976122,0.0133824245641306,0.0188));
#4063=CARTESIAN_POINT('',(-0.0248439485976122,0.0133824245641306,0.0183));
#4064=CARTESIAN_POINT('',(-0.0263120278166427,0.00929683077857865,0.0183));
#4065=CARTESIAN_POINT('',(-0.0263120278166427,0.0119062344101883,0.0183));
#4066=CARTESIAN_POINT('',(-0.0248439485976155,0.0133824245641273,0.0183));
#4067=CARTESIAN_POINT('',(-0.0248439485976155,0.0133824245641273,0.0183));
#4068=CARTESIAN_POINT('',(-0.0248439485976155,0.0133824245641273,0.0188));
#4069=CARTESIAN_POINT('',(-0.0248439485976188,0.013382424564124,0.0188));
#4070=CARTESIAN_POINT('',(-0.0248439485976188,0.013382424564124,0.0183));
#4071=CARTESIAN_POINT('',(-0.0238652291190591,0.0143665513326223,0.0188));
#4072=CARTESIAN_POINT('',(-0.0238652291190591,0.0143665513326223,0.0183));
#4073=CARTESIAN_POINT('',(-0.0225107029901958,0.0148586147172698,0.0188));
#4074=CARTESIAN_POINT('',(-0.0225107029901958,0.0148586147172698,0.0183));
#4075=CARTESIAN_POINT('',(-0.0207803702110287,0.0148586147180663,0.0188));
#4076=CARTESIAN_POINT('',(-0.0207803702110287,0.0148586147180663,0.0183));
#4077=CARTESIAN_POINT('',(-0.0248439485976155,0.0133824245641273,0.0183));
#4078=CARTESIAN_POINT('',(-0.0233758693785882,0.0148586147180663,0.0183));
#4079=CARTESIAN_POINT('',(-0.0207803702068272,0.0148586147180663,0.0183));
#4080=CARTESIAN_POINT('',(-0.0207803702068272,0.0148586147180663,0.0183));
#4081=CARTESIAN_POINT('',(-0.0207803702068272,0.0148586147180663,0.0188));
#4082=CARTESIAN_POINT('',(-0.0207803702065517,0.0148586147180663,0.0188));
#4083=CARTESIAN_POINT('',(-0.0207803702065517,0.0148586147180663,0.0183));
#4084=CARTESIAN_POINT('',(-0.0200681529685518,0.0148586147180535,0.0188));
#4085=CARTESIAN_POINT('',(-0.0200681529685518,0.0148586147180535,0.0183));
#4086=CARTESIAN_POINT('',(-0.0194208231926752,0.0148091766516611,0.0188));
#4087=CARTESIAN_POINT('',(-0.0194208231926752,0.0148091766516611,0.0183));
#4088=CARTESIAN_POINT('',(-0.0188383808789219,0.014710300518889,0.0188));
#4089=CARTESIAN_POINT('',(-0.0188383808789219,0.014710300518889,0.0183));
#4090=CARTESIAN_POINT('',(-0.0207803702068272,0.0148586147180663,0.0183));
#4091=CARTESIAN_POINT('',(-0.0197120442084507,0.0148586147180663,0.0183));
#4092=CARTESIAN_POINT('',(-0.0188383806479561,0.01471030047968,0.0183));
#4093=CARTESIAN_POINT('',(-0.0188383806479561,0.01471030047968,0.0183));
#4094=CARTESIAN_POINT('',(-0.0188383745998352,0.01471033750664,0.0183));
#4095=CARTESIAN_POINT('',(-0.0188383745998352,0.01471033750664,0.0184666666666667));
#4096=CARTESIAN_POINT('',(-0.0188383745998352,0.01471033750664,0.0186333333333333));
#4097=CARTESIAN_POINT('',(-0.0188383745998352,0.01471033750664,0.0188));
#4098=CARTESIAN_POINT('',(-0.018992036931317,0.0137696074706549,0.0188));
#4099=CARTESIAN_POINT('',(-0.018992036931317,0.0137696074706549,0.0183));
#4100=CARTESIAN_POINT('',(-0.018244408779568,0.0143611704485165,0.0183));
#4101=CARTESIAN_POINT('',(-0.0182445403021237,0.0143610750539302,0.0188));
#4102=CARTESIAN_POINT('',(-0.0182445403021237,0.0143610750539302,0.0186333333333333));
#4103=CARTESIAN_POINT('',(-0.0182445403021237,0.0143610750539302,0.0184666666666667));
#4104=CARTESIAN_POINT('',(-0.0182445403021237,0.0143610750539302,0.0183));
#4105=CARTESIAN_POINT('',(-0.0190127181459977,0.0137117761998312,0.0188));
#4106=CARTESIAN_POINT('',(-0.0190127181459977,0.0137117761998312,0.0183));
#4107=CARTESIAN_POINT('',(-0.0180064304670077,0.0137117761998312,0.0183));
#4108=CARTESIAN_POINT('',(-0.0180064304670077,0.0137117761998312,0.0188));
#4109=CARTESIAN_POINT('',(-0.0180064304670077,0.0136721008109756,0.0188));
#4110=CARTESIAN_POINT('',(-0.0180064304670077,0.0136721008109756,0.0183));
#4111=CARTESIAN_POINT('',(-0.0180065821048223,0.0136419707366848,0.0183));
#4112=CARTESIAN_POINT('',(-0.0180064304670077,0.0136419744813034,0.01879999975));
#4113=CARTESIAN_POINT('',(-0.0180064304670077,0.0136419744813034,0.0186333331666667));
#4114=CARTESIAN_POINT('',(-0.0180064304670077,0.0136419744813034,0.0184666665833333));
#4115=CARTESIAN_POINT('',(-0.0180064304670077,0.0136419744813034,0.0183));
#4116=CARTESIAN_POINT('',(-0.0186100046189104,0.0136300468510792,0.0188));
#4117=CARTESIAN_POINT('',(-0.0186100046189104,0.0136300468510792,0.0183));
#4118=CARTESIAN_POINT('',(-0.0182549403298213,0.0131419576097937,0.0183));
#4119=CARTESIAN_POINT('',(-0.0182549403298213,0.0131419576097937,0.0188));
#4120=CARTESIAN_POINT('',(-0.0186584267567177,0.0136347386315048,0.0188));
#4121=CARTESIAN_POINT('',(-0.0186584267567177,0.0136347386315048,0.0183));
#4122=CARTESIAN_POINT('',(-0.0188221178264226,0.0130187178342014,0.0183));
#4123=CARTESIAN_POINT('',(-0.0188219952644113,0.0130192065240244,0.0188));
#4124=CARTESIAN_POINT('',(-0.0188219952644113,0.0130192065240244,0.0186333333333333));
#4125=CARTESIAN_POINT('',(-0.0188219952644113,0.0130192065240244,0.0184666666666667));
#4126=CARTESIAN_POINT('',(-0.0188219952644113,0.0130192065240244,0.0183));
#4127=CARTESIAN_POINT('',(-0.020577535083474,0.00523108779173343,0.0188));
#4128=CARTESIAN_POINT('',(-0.020577535083474,0.00523108779173343,0.0183));
#4129=CARTESIAN_POINT('',(-0.0205578988492478,0.0132132536359679,0.0183));
#4130=CARTESIAN_POINT('',(-0.020557898036766,0.0132135839113006,0.0187999999999998));
#4131=CARTESIAN_POINT('',(-0.020557898036766,0.0132135839113006,0.0186333333333331));
#4132=CARTESIAN_POINT('',(-0.020557898036766,0.0132135839113006,0.0184666666666665));
#4133=CARTESIAN_POINT('',(-0.020557898036766,0.0132135839113006,0.0182999999999998));
#4134=CARTESIAN_POINT('',(-0.0232808555696257,0.0122260369867047,0.0183));
#4135=CARTESIAN_POINT('',(-0.0232808555696257,0.0122260369867047,0.0188));
#4136=CARTESIAN_POINT('',(-0.0226628794365745,0.0128841815684069,0.0183));
#4137=CARTESIAN_POINT('',(-0.0226628794365745,0.0128841815684069,0.0188));
#4138=CARTESIAN_POINT('',(-0.0217552269256349,0.0132132537848279,0.0183));
#4139=CARTESIAN_POINT('',(-0.0217552269256349,0.0132132537848279,0.0188));
#4140=CARTESIAN_POINT('',(-0.0205578980368071,0.0132132536359679,0.0183));
#4141=CARTESIAN_POINT('',(-0.0205578980368071,0.0132132536359679,0.0188));
#4142=CARTESIAN_POINT('',(-0.0205578988492478,0.0132132536359679,0.0183));
#4143=CARTESIAN_POINT('',(-0.0223538915797073,0.0132132536359679,0.0183));
#4144=CARTESIAN_POINT('',(-0.0232808555696219,0.0122260369867088,0.0183));
#4145=CARTESIAN_POINT('',(-0.0232808555696219,0.0122260369867088,0.0183));
#4146=CARTESIAN_POINT('',(-0.0232808555696219,0.0122260369867088,0.0188));
#4147=CARTESIAN_POINT('',(-0.0242078195595366,0.00929683079081625,0.0183));
#4148=CARTESIAN_POINT('',(-0.0242078195595366,0.00929683079081625,0.0188));
#4149=CARTESIAN_POINT('',(-0.0242078195575895,0.0105914904909455,0.0183));
#4150=CARTESIAN_POINT('',(-0.0242078195575895,0.0105914904909455,0.0188));
#4151=CARTESIAN_POINT('',(-0.023898831560808,0.0115678925563955,0.0183));
#4152=CARTESIAN_POINT('',(-0.023898831560808,0.0115678925563955,0.0188));
#4153=CARTESIAN_POINT('',(-0.0232808555691924,0.0122260369871662,0.0183));
#4154=CARTESIAN_POINT('',(-0.0232808555691924,0.0122260369871662,0.0188));
#4155=CARTESIAN_POINT('',(-0.0232808555696219,0.0122260369867088,0.0183));
#4156=CARTESIAN_POINT('',(-0.0242078195595366,0.0112388203374498,0.0183));
#4157=CARTESIAN_POINT('',(-0.0242078195595366,0.00929683077857865,0.0183));
#4158=CARTESIAN_POINT('',(-0.0242078195595366,0.00929683077857865,0.0183));
#4159=CARTESIAN_POINT('',(-0.0242078195595366,0.00929683077857865,0.0188));
#4160=CARTESIAN_POINT('',(-0.0232947600292382,0.00639659219487453,0.0183));
#4161=CARTESIAN_POINT('',(-0.0232947600292382,0.00639659219487453,0.0188));
#4162=CARTESIAN_POINT('',(-0.0239034663814525,0.00707404837604964,0.0183));
#4163=CARTESIAN_POINT('',(-0.0239034663814525,0.00707404837604964,0.0188));
#4164=CARTESIAN_POINT('',(-0.0242078195582187,0.00804079456789827,0.0183));
#4165=CARTESIAN_POINT('',(-0.0242078195582187,0.00804079456789827,0.0188));
#4166=CARTESIAN_POINT('',(-0.0242078195595366,0.00929683077042043,0.0183));
#4167=CARTESIAN_POINT('',(-0.0242078195595366,0.00929683077042043,0.0188));
#4168=CARTESIAN_POINT('',(-0.0242078195595366,0.00929683077857865,0.0183));
#4169=CARTESIAN_POINT('',(-0.0242078195595366,0.00741277646907719,0.0183));
#4170=CARTESIAN_POINT('',(-0.0232947600294707,0.0063965921951333,0.0183));
#4171=CARTESIAN_POINT('',(-0.0232947600294707,0.0063965921951333,0.0183));
#4172=CARTESIAN_POINT('',(-0.0232947600294707,0.0063965921951333,0.0188));
#4173=CARTESIAN_POINT('',(-0.0208244009265802,0.0053804079211894,0.0183));
#4174=CARTESIAN_POINT('',(-0.0208244009265802,0.0053804079211894,0.0188));
#4175=CARTESIAN_POINT('',(-0.0218626006281633,0.00538040790601418,0.0183));
#4176=CARTESIAN_POINT('',(-0.0218626006281633,0.00538040790601418,0.0188));
#4177=CARTESIAN_POINT('',(-0.0226860536624611,0.00571913599733001,0.0183));
#4178=CARTESIAN_POINT('',(-0.0226860536624611,0.00571913599733001,0.0188));
#4179=CARTESIAN_POINT('',(-0.023294760029474,0.0063965921951369,0.0183));
#4180=CARTESIAN_POINT('',(-0.023294760029474,0.0063965921951369,0.0188));
#4181=CARTESIAN_POINT('',(-0.0232947600294707,0.0063965921951333,0.0183));
#4182=CARTESIAN_POINT('',(-0.0223817004994047,0.0053804079211894,0.0183));
#4183=CARTESIAN_POINT('',(-0.0208244009963482,0.0053804079211894,0.0183));
#4184=CARTESIAN_POINT('',(-0.0208244009963482,0.0053804079211894,0.0183));
#4185=CARTESIAN_POINT('',(-0.0208244009265788,0.00538031003432911,0.0182999999999999));
#4186=CARTESIAN_POINT('',(-0.0208244009265788,0.00538031003432911,0.0184666666666666));
#4187=CARTESIAN_POINT('',(-0.0208244009265788,0.00538031003432911,0.0186333333333332));
#4188=CARTESIAN_POINT('',(-0.0208244009265788,0.00538031003432911,0.0187999999999999));
#4189=CARTESIAN_POINT('',(-0.0208276502046254,0.00993906432513377,0.0188));
#4190=CARTESIAN_POINT('',(-0.0208276502046254,0.00993906432513377,0.0183));
#4191=CARTESIAN_POINT('',(-0.0195637299700643,0.00555884848924796,0.0183));
#4192=CARTESIAN_POINT('',(-0.019563776610895,0.00555901012674663,0.0187999999999999));
#4193=CARTESIAN_POINT('',(-0.019563776610895,0.00555901012674663,0.0186333333333332));
#4194=CARTESIAN_POINT('',(-0.019563776610895,0.00555901012674663,0.0184666666666666));
#4195=CARTESIAN_POINT('',(-0.019563776610895,0.00555901012674663,0.0182999999999999));
#4196=CARTESIAN_POINT('',(-0.0194455420613502,0.00572338459731217,0.0183));
#4197=CARTESIAN_POINT('',(-0.0194455420613502,0.00572338459731217,0.0188));
#4198=CARTESIAN_POINT('',(-0.0194455420613929,0.00563377614087307,0.0183));
#4199=CARTESIAN_POINT('',(-0.0194455420613929,0.00563377614087307,0.0188));
#4200=CARTESIAN_POINT('',(-0.0194849397348277,0.00557893033742697,0.0183));
#4201=CARTESIAN_POINT('',(-0.0194849397348277,0.00557893033742697,0.0188));
#4202=CARTESIAN_POINT('',(-0.0195637350811115,0.00555884718649484,0.0183));
#4203=CARTESIAN_POINT('',(-0.0195637350811115,0.00555884718649484,0.0188));
#4204=CARTESIAN_POINT('',(-0.0195637299700643,0.00555884848924796,0.0183));
#4205=CARTESIAN_POINT('',(-0.0194455420613502,0.00558897481892019,0.0183));
#4206=CARTESIAN_POINT('',(-0.0194455420613502,0.00572338459745781,0.0183));
#4207=CARTESIAN_POINT('',(-0.0194455420613502,0.00572338459745781,0.0183));
#4208=CARTESIAN_POINT('',(-0.0194455420613502,0.00572338459745781,0.0188));
#4209=CARTESIAN_POINT('',(-0.0194455420613502,0.00719146381648508,0.0188));
#4210=CARTESIAN_POINT('',(-0.0194455420613502,0.00719146381648508,0.0183));
#4211=CARTESIAN_POINT('',(-0.0194455420613502,0.00865954303551235,0.0183));
#4212=CARTESIAN_POINT('',(-0.0194455420613502,0.00865954303551235,0.0188));
#4213=CARTESIAN_POINT('',(-0.019563729968137,0.00879163540407518,0.0183));
#4214=CARTESIAN_POINT('',(-0.019563729968137,0.00879163540407518,0.0188));
#4215=CARTESIAN_POINT('',(-0.0194849380304223,0.00879163540335715,0.0183));
#4216=CARTESIAN_POINT('',(-0.0194849380304223,0.00879163540335715,0.0188));
#4217=CARTESIAN_POINT('',(-0.0194455420614933,0.0087476046139962,0.0183));
#4218=CARTESIAN_POINT('',(-0.0194455420614933,0.0087476046139962,0.0188));
#4219=CARTESIAN_POINT('',(-0.0194455420613502,0.00865954303599224,0.0183));
#4220=CARTESIAN_POINT('',(-0.0194455420613502,0.00865954303599224,0.0188));
#4221=CARTESIAN_POINT('',(-0.0194455420613502,0.00865954303551235,0.0183));
#4222=CARTESIAN_POINT('',(-0.0194455420613502,0.00879163540407518,0.0183));
#4223=CARTESIAN_POINT('',(-0.0195637299700643,0.00879163540407518,0.0183));
#4224=CARTESIAN_POINT('',(-0.0195637299700643,0.00879163540407518,0.0183));
#4225=CARTESIAN_POINT('',(-0.0195637299700643,0.00879163540407518,0.0188));
#4226=CARTESIAN_POINT('',(-0.020490693959979,0.00879163540407518,0.0188));
#4227=CARTESIAN_POINT('',(-0.020490693959979,0.00879163540407518,0.0183));
#4228=CARTESIAN_POINT('',(-0.0214176626686062,0.00879185516178342,0.0183));
#4229=CARTESIAN_POINT('',(-0.0214176579498936,0.00879163540407518,0.01879999975));
#4230=CARTESIAN_POINT('',(-0.0214176579498936,0.00879163540407518,0.0186333331666667));
#4231=CARTESIAN_POINT('',(-0.0214176579498936,0.00879163540407518,0.0184666665833333));
#4232=CARTESIAN_POINT('',(-0.0214176579498936,0.00879163540407518,0.0183));
#4233=CARTESIAN_POINT('',(-0.0214306712475212,0.00954886920693934,0.0188));
#4234=CARTESIAN_POINT('',(-0.0214306712475212,0.00954886920693934,0.0183));
#4235=CARTESIAN_POINT('',(-0.0219747198747594,0.00902249585418558,0.0183));
#4236=CARTESIAN_POINT('',(-0.0219748866559452,0.00902234036496196,0.0188));
#4237=CARTESIAN_POINT('',(-0.0219748866559452,0.00902234036496196,0.0186333333333333));
#4238=CARTESIAN_POINT('',(-0.0219748866559452,0.00902234036496196,0.0184666666666667));
#4239=CARTESIAN_POINT('',(-0.0219748866559452,0.00902234036496196,0.0183));
#4240=CARTESIAN_POINT('',(-0.0214480157203447,0.009566541497875,0.0188));
#4241=CARTESIAN_POINT('',(-0.0214480157203447,0.009566541497875,0.0183));
#4242=CARTESIAN_POINT('',(-0.0222050848252169,0.00957957528643754,0.0183));
#4243=CARTESIAN_POINT('',(-0.0222051378259045,0.00957954724556242,0.0188));
#4244=CARTESIAN_POINT('',(-0.0222051378259045,0.00957954724556242,0.0186333333333333));
#4245=CARTESIAN_POINT('',(-0.0222051378259045,0.00957954724556242,0.0184666666666667));
#4246=CARTESIAN_POINT('',(-0.0222051378259045,0.00957954724556242,0.0183));
#4247=CARTESIAN_POINT('',(-0.0214348476990862,0.00960101456711996,0.0188));
#4248=CARTESIAN_POINT('',(-0.0214348476990862,0.00960101456711996,0.0183));
#4249=CARTESIAN_POINT('',(-0.0219749156932701,0.0101495654629458,0.0183));
#4250=CARTESIAN_POINT('',(-0.0219750950353483,0.0101497392047591,0.0188));
#4251=CARTESIAN_POINT('',(-0.0219750950353483,0.0101497392047591,0.0186333333333333));
#4252=CARTESIAN_POINT('',(-0.0219750950353483,0.0101497392047591,0.0184666666666667));
#4253=CARTESIAN_POINT('',(-0.0219750950353483,0.0101497392047591,0.0183));
#4254=CARTESIAN_POINT('',(-0.0214310402403609,0.00961988127170258,0.0188));
#4255=CARTESIAN_POINT('',(-0.0214310402403609,0.00961988127170258,0.0183));
#4256=CARTESIAN_POINT('',(-0.0214176630658665,0.0103788289466333,0.0183));
#4257=CARTESIAN_POINT('',(-0.0214176579498936,0.010379061236804,0.0183));
#4258=CARTESIAN_POINT('',(-0.0214176579498936,0.010379061236804,0.0184666666666667));
#4259=CARTESIAN_POINT('',(-0.0214176579498936,0.010379061236804,0.0186333333333333));
#4260=CARTESIAN_POINT('',(-0.0214176579498936,0.010379061236804,0.0188));
#4261=CARTESIAN_POINT('',(-0.019860358446837,0.010379061236804,0.0188));
#4262=CARTESIAN_POINT('',(-0.019860358446837,0.010379061236804,0.0183));
#4263=CARTESIAN_POINT('',(-0.0182982182504886,0.010379061236804,0.0183));
#4264=CARTESIAN_POINT('',(-0.0182982182504886,0.010379061236804,0.0188));
#4265=CARTESIAN_POINT('',(-0.0182982182504886,0.00957097719209645,0.0188));
#4266=CARTESIAN_POINT('',(-0.0182982182504886,0.00957097719209645,0.0183));
#4267=CARTESIAN_POINT('',(-0.0177135046634572,0.0101287494076574,0.0183));
#4268=CARTESIAN_POINT('',(-0.0177135046634572,0.0101287494076574,0.0188));
#4269=CARTESIAN_POINT('',(-0.0182701459162208,0.00953945990780436,0.0188));
#4270=CARTESIAN_POINT('',(-0.0182701459162208,0.00953945990780436,0.0183));
#4271=CARTESIAN_POINT('',(-0.0174595217129581,0.00953945990780436,0.0183));
#4272=CARTESIAN_POINT('',(-0.0174595217129581,0.00953945990780436,0.0188));
#4273=CARTESIAN_POINT('',(-0.0174595217129581,0.00737569790948061,0.0188));
#4274=CARTESIAN_POINT('',(-0.0174595217129581,0.00737569790948061,0.0183));
#4275=CARTESIAN_POINT('',(-0.0174596647279271,0.00521818762501269,0.0183));
#4276=CARTESIAN_POINT('',(-0.0174595217129581,0.00521818922295434,0.01879999975));
#4277=CARTESIAN_POINT('',(-0.0174595217129581,0.00521818922295434,0.0186333331666667));
#4278=CARTESIAN_POINT('',(-0.0174595217129581,0.00521818922295434,0.0184666665833333));
#4279=CARTESIAN_POINT('',(-0.0174595217129581,0.00521818922295434,0.0183));
#4280=CARTESIAN_POINT('',(-0.018628232277377,0.00520774044960161,0.0188));
#4281=CARTESIAN_POINT('',(-0.018628232277377,0.00520774044960161,0.0183));
#4282=CARTESIAN_POINT('',(-0.0176823526448671,0.00452205735738736,0.0183));
#4283=CARTESIAN_POINT('',(-0.0176819988415576,0.00452179098475614,0.0188));
#4284=CARTESIAN_POINT('',(-0.0176819988415576,0.00452179098475614,0.0186333333333333));
#4285=CARTESIAN_POINT('',(-0.0176819988415576,0.00452179098475614,0.0184666666666667));
#4286=CARTESIAN_POINT('',(-0.0176819988415576,0.00452179098475614,0.0183));
#4287=CARTESIAN_POINT('',(-0.018555193631795,0.00512283476339587,0.0188));
#4288=CARTESIAN_POINT('',(-0.018555193631795,0.00512283476339587,0.0183));
#4289=CARTESIAN_POINT('',(-0.0182590281542595,0.00410583243505681,0.0183));
#4290=CARTESIAN_POINT('',(-0.0182589952629462,0.00410571948960998,0.0188));
#4291=CARTESIAN_POINT('',(-0.0182589952629462,0.00410571948960998,0.0186333333333333));
#4292=CARTESIAN_POINT('',(-0.0182589952629462,0.00410571948960998,0.0184666666666667));
#4293=CARTESIAN_POINT('',(-0.0182589952629462,0.00410571948960998,0.0183));
#4294=CARTESIAN_POINT('',(-0.0182590284560815,0.00410583234628563,0.0188));
#4295=CARTESIAN_POINT('',(-0.0182590284560815,0.00410583234628563,0.0183));
#4296=CARTESIAN_POINT('',(-0.0190994757216671,0.00385864200815967,0.0188));
#4297=CARTESIAN_POINT('',(-0.0190994757216671,0.00385864200815967,0.0183));
#4298=CARTESIAN_POINT('',(-0.0200040379812032,0.00373504683909478,0.0188));
#4299=CARTESIAN_POINT('',(-0.0200040379812032,0.00373504683909478,0.0183));
#4300=CARTESIAN_POINT('',(-0.0209727152346897,0.00373504683909096,0.0188));
#4301=CARTESIAN_POINT('',(-0.0209727152346897,0.00373504683909096,0.0183));
#4302=CARTESIAN_POINT('',(-0.0182590281542595,0.00410583243505681,0.0183));
#4303=CARTESIAN_POINT('',(-0.0195196991805434,0.00373504683909096,0.0183));
#4304=CARTESIAN_POINT('',(-0.0209727152347346,0.00373504683909096,0.0183));
#4305=CARTESIAN_POINT('',(-0.0209727152347346,0.00373504683909096,0.0183));
#4306=CARTESIAN_POINT('',(-0.0209727152347346,0.00373504683909096,0.0188));
#4307=CARTESIAN_POINT('',(-0.0209727152355134,0.00373504683909096,0.0188));
#4308=CARTESIAN_POINT('',(-0.0209727152355134,0.00373504683909096,0.0183));
#4309=CARTESIAN_POINT('',(-0.0225655483578259,0.00373504683925285,0.0188));
#4310=CARTESIAN_POINT('',(-0.0225655483578259,0.00373504683925285,0.0183));
#4311=CARTESIAN_POINT('',(-0.0238536420685528,0.00423174504384974,0.0188));
#4312=CARTESIAN_POINT('',(-0.0238536420685528,0.00423174504384974,0.0183));
#4313=CARTESIAN_POINT('',(-0.024836996367694,0.00522514145288163,0.0188));
#4314=CARTESIAN_POINT('',(-0.024836996367694,0.00522514145288163,0.0183));
#4315=CARTESIAN_POINT('',(-0.0209727152347346,0.00373504683909096,0.0183));
#4316=CARTESIAN_POINT('',(-0.0233619649187395,0.00373504683909096,0.0183));
#4317=CARTESIAN_POINT('',(-0.0248369963676911,0.0052251414528787,0.0183));
#4318=CARTESIAN_POINT('',(0.033,0.0075472,0.0153));
#4319=CARTESIAN_POINT('',(0.033,0.0075472,0.0153));
#4320=CARTESIAN_POINT('',(0.03625,0.0075472,0.0153));
#4321=CARTESIAN_POINT('',(0.000600000000000017,-0.0209128,0.0153));
#4322=CARTESIAN_POINT('',(0.000600000000000017,-0.0209128,0.0153));
#4323=CARTESIAN_POINT('',(-0.0269,-0.0114128,0.0153));
#4324=CARTESIAN_POINT('',(-0.0269,-0.0114128,0.0153));
#4325=CARTESIAN_POINT('',(0.000600000000000017,-0.0019128,0.0153));
#4326=CARTESIAN_POINT('',(0.000600000000000017,-0.0019128,0.0153));
#4327=CARTESIAN_POINT('',(0.0281,-0.0114128,0.0153));
#4328=CARTESIAN_POINT('',(0.0281,-0.0114128,0.0153));
#4329=CARTESIAN_POINT('',(-0.01215,0.0160822,0.0153));
#4330=CARTESIAN_POINT('',(-0.01215,0.0170822,0.0153));
#4331=CARTESIAN_POINT('',(-0.01215,0.0170822,0.0153));
#4332=CARTESIAN_POINT('',(-0.01315,0.0160822,0.0153));
#4333=CARTESIAN_POINT('',(-0.01315,0.0160822,0.0153));
#4334=CARTESIAN_POINT('',(-0.01215,0.0160822,0.0153));
#4335=CARTESIAN_POINT('',(0.01285,0.0160822,0.0153));
#4336=CARTESIAN_POINT('',(0.01385,0.0160822,0.0153));
#4337=CARTESIAN_POINT('',(0.01385,0.0160822,0.0153));
#4338=CARTESIAN_POINT('',(0.01285,0.0170822,0.0153));
#4339=CARTESIAN_POINT('',(0.01285,0.0170822,0.0153));
#4340=CARTESIAN_POINT('',(0.01285,0.0160822,0.0153));
#4341=CARTESIAN_POINT('',(0.01285,0.0065822,0.0153));
#4342=CARTESIAN_POINT('',(0.01285,0.0055822,0.0153));
#4343=CARTESIAN_POINT('',(0.01285,0.0055822,0.0153));
#4344=CARTESIAN_POINT('',(0.01385,0.0065822,0.0153));
#4345=CARTESIAN_POINT('',(0.01385,0.0065822,0.0153));
#4346=CARTESIAN_POINT('',(0.01285,0.0065822,0.0153));
#4347=CARTESIAN_POINT('',(-0.01215,0.0065822,0.0153));
#4348=CARTESIAN_POINT('',(-0.01315,0.0065822,0.0153));
#4349=CARTESIAN_POINT('',(-0.01315,0.0065822,0.0153));
#4350=CARTESIAN_POINT('',(-0.01215,0.0055822,0.0153));
#4351=CARTESIAN_POINT('',(-0.01215,0.0055822,0.0153));
#4352=CARTESIAN_POINT('',(-0.01215,0.0065822,0.0153));
#4353=CARTESIAN_POINT('',(-0.01315,0.0113322,0.0153));
#4354=CARTESIAN_POINT('',(-0.01315,0.0113322,0.0153));
#4355=CARTESIAN_POINT('',(0.000350000000000029,0.0055822,0.0153));
#4356=CARTESIAN_POINT('',(0.000350000000000029,0.0055822,0.0153));
#4357=CARTESIAN_POINT('',(0.01385,0.0113322,0.0153));
#4358=CARTESIAN_POINT('',(0.01385,0.0113322,0.0153));
#4359=CARTESIAN_POINT('',(0.000350000000000031,0.0170822,0.0153));
#4360=CARTESIAN_POINT('',(0.000350000000000031,0.0170822,0.0153));
#4361=CARTESIAN_POINT('',(0.0483088134527206,-0.000677263364195824,0.0153));
#4362=CARTESIAN_POINT('',(0.0483088134527206,-0.000677263364195824,0.0153));
#4363=CARTESIAN_POINT('',(5.06266951554729E-06,-0.0244617718011141,0.0153));
#4364=CARTESIAN_POINT('',(5.06266951554729E-06,-0.0244617718011141,0.0153));
#4365=CARTESIAN_POINT('',(-0.0482986881136895,-0.000677263364195824,0.0153));
#4366=CARTESIAN_POINT('',(-0.0482986881136895,-0.000677263364195824,0.0153));
#4367=CARTESIAN_POINT('',(5.06266951554729E-06,0.0231072450727224,0.0153));
#4368=CARTESIAN_POINT('',(5.06266951554729E-06,0.0231072450727224,0.0153));
#4369=CARTESIAN_POINT('',(5.06266951554729E-06,-0.000677263364195824,0.0153));
#4370=CARTESIAN_POINT('',(5.06266951554729E-06,-0.000677263364195824,0.0183));
#4371=MECHANICAL_DESIGN_GEOMETRIC_PRESENTATION_REPRESENTATION('',(#2333),#4372);
#4372=(
GEOMETRIC_REPRESENTATION_CONTEXT(3)
GLOBAL_UNCERTAINTY_ASSIGNED_CONTEXT((#4373))
GLOBAL_UNIT_ASSIGNED_CONTEXT((#4376,#4375,#4374))
REPRESENTATION_CONTEXT('top','TOP_LEVEL_ASSEMBLY_PART')
);
#4373=UNCERTAINTY_MEASURE_WITH_UNIT(LENGTH_MEASURE(2.E-05),#4376,'DISTANCE_ACCURACY_VALUE','Maximum Tolerance applied to model');
#4374=(
NAMED_UNIT(*)
SI_UNIT($,.STERADIAN.)
SOLID_ANGLE_UNIT()
);
#4375=(
NAMED_UNIT(*)
PLANE_ANGLE_UNIT()
SI_UNIT($,.RADIAN.)
);
#4376=(
LENGTH_UNIT()
NAMED_UNIT(*)
SI_UNIT($,.METRE.)
);
#4377=PRODUCT_DEFINITION_SHAPE('','',#4378);
#4378=PRODUCT_DEFINITION('','',#4380,#4379);
#4379=PRODUCT_DEFINITION_CONTEXT('',#4386,'design');
#4380=PRODUCT_DEFINITION_FORMATION_WITH_SPECIFIED_SOURCE('','',#4382,.NOT_KNOWN.);
#4381=PRODUCT_RELATED_PRODUCT_CATEGORY('','',(#4382));
#4382=PRODUCT('top','top','top',(#4384));
#4383=PRODUCT_CATEGORY('','');
#4384=PRODUCT_CONTEXT('',#4386,'mechanical');
#4385=APPLICATION_PROTOCOL_DEFINITION('international standard','ap242_managed_model_based_3d_engineering',2020,#4386);
#4386=APPLICATION_CONTEXT('managed model based 3d engineering');
ENDSEC;
END-ISO-10303-21;
